epoch,train_total_loss,train_sdf_loss,train_corner_loss,train_mask_loss,train_sep_loss,train_consistency_loss,train_kl_loss,val_total_loss,val_sdf_loss,val_corner_loss,val_mask_loss,val_sep_loss,val_consistency_loss,val_kl_loss,val_mean_mask_iou,val_mean_mask_dice,val_mean_area_relative_error,val_mean_centroid_distance_normalized,val_mean_boundary_chamfer_normalized,val_mean_boundary_hausdorff_normalized,val_mean_polygon_count_abs_diff,train_time_seconds,validation_time_seconds,epoch_compute_time_seconds,epoch_time_seconds,cumulative_compute_time_seconds,decoder_learning_rate,latent_learning_rate_current,validation_selection_score,no_improve_count,learning_rate_after_scheduler
1,0.3466746042172114,0.17999072489328682,0.1715206741200139,0.5193001562729478,0.47631109775975344,0.09189882209914989,1.0921316179912537,0.12420441980163256,0.06149074546992779,0.050718381690482296,0.23456752623120944,0.08264196813106536,0.027337985609968505,1.5749427646398544,0.0,0.0,1.0,1.0,1.0,1.0,1.0305555555555554,38.516118599975016,7.279350299970247,45.79546889994526,45.79546889994526,45.79546889994526,5e-05,nan,3.0,0,5e-05
2,0.09725905268763503,0.057194684895997244,0.0183064128854312,0.17122455736001332,0.030165019639146824,0.00935815174986298,1.8201409081617992,0.08444561741004387,0.04986285160606106,0.01153736695026358,0.1523371963451306,0.025269480794668196,0.0072974061011336746,1.7950757503509522,0.0,0.0,1.0,1.0,1.0,1.0,1.0305555555555554,45.94541320001008,8.694058299995959,54.63947150000604,54.63947150000604,100.4349403999513,5e-05,nan,3.0,1,5e-05
3,0.07712181949367126,0.04357593047122161,0.012734005662302176,0.14358657353247206,0.03345760933201139,0.008568906415409099,1.8044709180792173,0.07162727508693933,0.038875851035118106,0.011925948271527886,0.14020143691450357,0.03456346162905296,0.008277571127594759,1.8389507338404656,0.0,0.0,0.9999994152046784,0.9973566810919173,1.0,1.0,1.0305555555555554,50.89138380001532,8.76225670002168,59.653640500037,59.653640500037,160.0885808999883,5e-05,nan,3.0,2,5e-05
4,0.061939270390818514,0.03048181931953877,0.009509666461963207,0.13730782422547538,0.030394562846049668,0.007777662416143963,1.8534141530593236,0.054724777179459734,0.023556787753477693,0.007201871446644266,0.1386115474626422,0.026449206393832962,0.01013930953728656,1.7587942217787107,0.21696604485540177,0.27910242796698603,0.7330866528296841,0.3705772654955441,0.3571854457238735,0.4355982664994638,1.0583333333333333,49.371908400033135,11.124020399991423,60.49592880002456,60.49592880002456,220.58450970001286,5e-05,nan,1.5758176673679354,0,5e-05
5,0.04957287798946102,0.01974659306385244,0.006638617737917229,0.13122939451908072,0.027977010421454906,0.013494921642510841,1.7908553863565126,0.045939698039243616,0.016804625652730464,0.006083688454236835,0.127618306192259,0.02962466310709715,0.015026898123323917,1.6209512596329054,0.3684284317383336,0.46427481729088715,0.5005164437522814,0.3545966179388375,0.34536697184909154,0.3848323382016456,1.2055555555555557,53.1112156000454,11.480365599971265,64.59158120001666,64.59158120001666,285.1760909000295,5e-05,nan,1.3617708783124036,0,5e-05
6,0.04222567295655608,0.014892220213854064,0.005122631775642124,0.11975277792662382,0.028589179506525397,0.01505003113221998,1.7641006246209145,0.039256765693426135,0.013171118497848511,0.004547816396613295,0.11454721223562955,0.028889720033233365,0.013222172980507214,1.6104648997386297,0.39962336632189727,0.49748609147608314,0.4773346309990616,0.04447486302680167,0.02590626809268568,0.09578255213841004,0.38611111111111107,52.59947779995855,11.143459899991285,63.742937699949834,63.742937699949834,348.91902859997936,5e-05,nan,0.7220654539091984,0,5e-05
7,0.03518615368908892,0.011959024685590217,0.0037365579114217932,0.10185136599466205,0.02690503157209605,0.011510765738785267,1.8875391061107318,0.03151376446088155,0.010592341896456976,0.003602223018727576,0.09052910053481658,0.02790547100206216,0.01045587439245234,1.7709013608594735,0.621341895966803,0.7572025405264287,0.2508352143824832,0.023326391740049936,0.013898520417065597,0.05036553149913894,0.047222222222222214,52.84435989998747,11.901049599982798,64.74540949997026,64.74540949997026,413.6644380999496,5e-05,nan,0.44292215594940154,0,5e-05
8,0.028974319885795314,0.01016826430374446,0.002237228187247335,0.08369596597428124,0.020496583993857106,0.008057485280248026,1.9171288718779882,0.026497015574326117,0.009133253902352105,0.001705652239616029,0.07778588387494285,0.01785955420540025,0.007305279529343049,2.072124084333579,0.6483511354675239,0.7778380268825447,0.23781606499857702,0.021507879141702935,0.012715593145925134,0.04636328175009057,0.052777777777777785,51.941949800006114,12.186520399991423,64.12847019999754,64.12847019999754,477.79290829994716,5e-05,nan,0.41072773942849183,0,5e-05
9,0.02574598658053825,0.009084902177952851,0.0015659157754271292,0.07459268968862792,0.017818918994938333,0.007002406107494608,1.8829687808950741,0.024140541860833763,0.008232049841899425,0.0013837554147661042,0.07122992385799685,0.018051863407405715,0.0065633311828908825,1.549963076164325,0.6721406881149113,0.7956137361870879,0.24548848018047087,0.01932656935709127,0.01170849333916159,0.04206519640784705,0.03611111111111111,52.75259049999295,12.195855600002687,64.94844609999564,64.94844609999564,542.7413543999428,5e-05,nan,0.3816330016320973,0,5e-05
10,0.02368591617171963,0.008264972981608783,0.0012144397556160887,0.06913096021550397,0.017259301509087284,0.006242901011137292,1.7675290962060293,0.02261516220557193,0.007622733254296085,0.0012870411893042425,0.06638001929968596,0.020177203261603913,0.006385617419922104,1.3087548779944578,0.6886071889282216,0.8074390146137741,0.2634923818860144,0.01829131519811272,0.011218782465532401,0.04026717566701018,0.030555555555555555,52.585256099991966,11.805680899997242,64.39093699998921,64.39093699998921,607.132291399932,5e-05,nan,0.362878769204321,0,5e-05
11,0.02223092970283081,0.007727416936540976,0.0009678694943431765,0.06505912588909268,0.016990609769709408,0.005515675675511981,1.7279925674200058,0.020968254484857122,0.007073239764819542,0.0008470842156384605,0.0623795414964358,0.016959683798874418,0.0052000880590640005,1.417006754130125,0.6874513760535125,0.8066937637916823,0.2419719068666457,0.018315500929793525,0.010957220756772709,0.039879857097619695,0.041666666666666664,52.67235859995708,11.353981400025077,64.02633999998216,64.02633999998216,671.1586313999142,5e-05,nan,0.3633857018008799,1,5e-05
12,0.020931070647202434,0.007266090911192198,0.0007864976190224601,0.0613529830550154,0.016539002543625732,0.004735147911317957,1.733759380877018,0.02016090341688444,0.006962014313709612,0.000834839135738245,0.058727196200440326,0.01854693266407897,0.004121199333652233,1.5307527462641397,0.6919631796754963,0.8097250646845608,0.2817230209394035,0.01765618504082817,0.011212155249980541,0.03879321143083125,0.030555555555555555,52.39471730001969,12.04764589999104,64.44236320001073,64.44236320001073,735.6009945999249,5e-05,nan,0.35804218700531554,0,5e-05
13,0.019901799592965595,0.007011744213135292,0.0006743315898347646,0.05795878702774644,0.016022234798098604,0.0036936053957712526,1.7763951574762662,0.019071864197030663,0.006567156105302274,0.0007343892313656398,0.055683884459237255,0.018311396062684556,0.0031958318509471913,1.4569195667902628,0.6967648916108626,0.8133394860431779,0.272221038683117,0.017966866453115758,0.010907536686182858,0.03892811774894308,0.030555555555555555,52.77864510001382,11.094801099970937,63.873446199984755,63.873446199984755,799.4744407999096,5e-05,nan,0.3530707628242633,0,5e-05
14,0.019001997266119966,0.006763587399230649,0.0006023512352840044,0.05513846698837976,0.01569679332897067,0.0025952880930465955,1.7564195461571217,0.017835975733275215,0.006212912168120965,0.000576786154609484,0.0523156037243704,0.016163803318825862,0.001846439882259195,1.4407329072554906,0.6991420281846406,0.8154069913282029,0.2608087380936302,0.017498701227713125,0.010647125478002062,0.037309059800141695,0.030555555555555555,52.154786099970806,11.162782399973366,63.31756849994417,63.31756849994417,862.7920092998538,5e-05,nan,0.3488141570935032,0,5e-05
15,0.018099183856975287,0.00652451455728927,0.0005653594901862865,0.052304577687755226,0.01469898724074786,0.0017948033530653144,1.7599211752414703,0.0174976630990083,0.0063575500447768715,0.000536705180881351,0.05021485099568963,0.014545716830374053,0.0018687957383614654,1.6907615611950557,0.7052235216326624,0.8197025211909031,0.27718987460343397,0.01758725057453411,0.010615868369036718,0.03742941927983322,0.03333333333333333,52.635336000006646,11.009287099994253,63.6446231000009,63.6446231000009,926.4366323998547,5e-05,nan,0.3428217660162075,0,5e-05
16,0.017553060893745472,0.006345032020666015,0.000520403233167599,0.05084344853336612,0.013666996988467872,0.0013552650751080364,1.841451139251391,0.016770430918162067,0.005985598943273847,0.0005047969953011489,0.04890374569222331,0.013398259823831419,0.0010746205080067739,1.7947918176651,0.7049754206791976,0.8200769482604382,0.24235283794199275,0.017525013893356405,0.010306945996449884,0.03645009833836075,0.03333333333333333,52.37809740001103,10.898128600034397,63.276226000045426,63.276226000045426,989.7128583999001,5e-05,nan,0.34178162365561304,0,5e-05
17,0.017222338588908315,0.006202993063683001,0.0005020273241825634,0.05019015171565115,0.012871244177222251,0.0011509304133748325,1.798008287201325,0.016406097759803135,0.005811263485035549,0.0005068146732810419,0.04811955944945415,0.013226498096870879,0.0009320017610055705,1.6163424576322238,0.703016621891653,0.8185666657000021,0.2445269977590516,0.017881584460596723,0.010488066901491224,0.03788100537605243,0.041666666666666664,52.67071370000485,11.000775999971665,63.67148969997652,63.67148969997652,1053.3843480998767,5e-05,nan,0.34535245038589063,1,5e-05
18,0.01687640613721063,0.006055567192379385,0.0004832963713852223,0.04938074628201624,0.012267490390998621,0.001094706054815712,1.7992040395736695,0.01607469522859901,0.005663319789649298,0.0004590892228103864,0.047535306805123884,0.011915346518314133,0.0010872252755992425,1.6236759533484777,0.7060603205376285,0.821019734663629,0.2437594719699542,0.017900871468632618,0.010413764574518132,0.03773798450178188,0.030555555555555555,52.17969770001946,10.923378799983766,63.103076500003226,63.103076500003226,1116.48742459988,5e-05,nan,0.3420914285386716,2,5e-05
19,0.016702774966446062,0.005997144795643786,0.0004784836641192669,0.04893528143875301,0.011849356400004278,0.0010382558597484604,1.7849631900588672,0.016043497909170885,0.005673419746259848,0.0004820131204420856,0.047053336072713135,0.01313570369190226,0.0008795243954712836,1.6224672680099805,0.7065004859943869,0.8209101688157557,0.25547909784601924,0.01748284488236738,0.010476415308725324,0.03756586172618152,0.030555555555555555,52.217376499960665,11.064933800022118,63.28231029998278,63.28231029998278,1179.7697348998627,5e-05,nan,0.34154179104051996,0,5e-05
20,0.01645397689426318,0.0058679707425956925,0.00046811567723731664,0.048400221532210706,0.01154545140452683,0.0010124941431665017,1.844413098692894,0.015602871589362622,0.005413328049083551,0.0004840398130909307,0.046431062805155916,0.011570456938352435,0.0008646238110183428,1.8476896186669667,0.7151144013486432,0.8272949716626967,0.24034261874152948,0.01695380357807168,0.010043930212727436,0.03672729133410549,0.03333333333333333,52.697829699958675,10.823999899963383,63.52182959992206,63.52182959992206,1243.2915644997847,5e-05,nan,0.3316568201981897,0,5e-05
21,0.016356757919614513,0.005807785364838006,0.0004608469829690875,0.04828467811457813,0.01127870954417934,0.0009946153273631352,1.862010415395101,0.01551172446925193,0.00540375360675777,0.0004539667565040872,0.04614720512181521,0.011067491183833529,0.0009717047064138266,1.8577653070290883,0.7105861968053204,0.8242057513539396,0.24665435725438214,0.016769407098968233,0.01026231862023116,0.03684849721910165,0.03333333333333333,52.202614500012714,10.732994300022256,62.93560880003497,62.93560880003497,1306.2271732998197,5e-05,nan,0.3365246190340124,1,5e-05
22,0.01624420191704606,0.005768358458105164,0.0004463244680664502,0.04794656244727472,0.011009100875041138,0.000999657555560892,1.9682794878880183,0.015499380122249325,0.005373499005024011,0.00044848037759948056,0.0461280637110273,0.011659980425611139,0.0009334851759679926,1.8089895317951838,0.7125180838698912,0.8255172588341915,0.24524698461507805,0.01731342499903689,0.01020805409590813,0.037169927982414516,0.025,52.568946399958804,11.129367300018203,63.69831369997701,63.69831369997701,1369.9254869997967,5e-05,nan,0.33485989820843143,2,5e-05
23,0.01608659521055718,0.0056798211366791895,0.0004518865343319097,0.04763394594192505,0.010892071369259309,0.0009991833445383235,1.9504467606544496,0.015508641690636675,0.005434901659221699,0.00043063530950651814,0.04601295062651237,0.010921783384401352,0.0008753769560523021,1.951646793882052,0.711169200263488,0.8246970963605873,0.24787255355190277,0.017381705806160185,0.010177843174986264,0.03682269451234083,0.041666666666666664,52.13584309996804,11.142777599976398,63.27862069994444,63.27862069994444,1433.2041076997411,5e-05,nan,0.33583133742383914,3,5e-05
24,0.01605617516906932,0.005664099056351309,0.0004526152088753103,0.04755933064346512,0.01077806029934436,0.00099738563488548,2.00914319952329,0.015209684295890232,0.005276030245780324,0.00045515969480523685,0.04525532284751534,0.011141528460818033,0.0009453275197301991,1.8721462349096933,0.717568371419477,0.829091440042936,0.23611480744944166,0.01711942802316208,0.00995793675287861,0.03640667566962306,0.030555555555555555,52.143559199990705,11.040917799982708,63.18447699997341,63.18447699997341,1496.3885846997146,5e-05,nan,0.3287962410030246,0,5e-05
25,0.015999067559217414,0.005631118288147263,0.0004429259696432079,0.047448364272713664,0.010741180080610016,0.000999907015405673,2.0263662368059157,0.015208831778727472,0.0052233421107909335,0.0004347956557467114,0.045450722736616926,0.011232884918960432,0.0008959695711382665,2.0194309701522193,0.7173358240497097,0.8289528363856993,0.24160056081898731,0.016846741659657154,0.009994765012556684,0.03622058123569282,0.03611111111111111,51.99903559999075,10.819325099990238,62.818360699980985,62.818360699980985,1559.2069453996955,5e-05,nan,0.3288795221985398,1,5e-05
26,0.015770400684171668,0.005527900561961966,0.0004371446289345234,0.046874892183889946,0.010513021622318774,0.0009783053329253258,2.055263627072175,0.0151904166288053,0.005291542572861848,0.00041042926744315386,0.04521251654562851,0.010441871577252944,0.0011044494230494214,1.9696874807278315,0.7150385104569356,0.8268359998586412,0.26405777792813634,0.017412541650849784,0.010313747213637751,0.037649811088572994,0.041666666666666664,52.06044779997319,10.816169700003229,62.87661749997642,62.87661749997642,1622.083562899672,5e-05,nan,0.3329250478452752,2,5e-05
27,0.01577776324314376,0.005521371287371343,0.0004404843177932586,0.046928556139270466,0.01053284805190439,0.0009817601021495648,2.0685325478514036,0.015138903617238004,0.005202043095293144,0.00040713329775220094,0.0455324479068319,0.00996241153528293,0.0009803361802672346,2.018067655960719,0.7175806272303565,0.8291732056585104,0.23668836051640693,0.01735171961350225,0.009936122168792009,0.03674313414055597,0.03055555555555555,51.80737330002012,10.903331800014712,62.71070510003483,62.71070510003483,1684.7942679997068,5e-05,nan,0.32909862907899146,3,5e-05
28,0.015733292128425093,0.005514634656719863,0.00042880189442560853,0.04676129951452215,0.010391283586310843,0.0010315114001665886,2.094972366094589,0.015197825889723996,0.0053019143699202685,0.0004165624373854371,0.04522837103965382,0.010541728771446894,0.0008996633376227691,1.9485501408576966,0.7114929576164923,0.8250646781893212,0.228528337625104,0.017253580689701998,0.010136373872736344,0.037383178918660706,0.030555555555555555,52.506581099994946,10.984901700052433,63.49148280004738,63.49148280004738,1748.2857507997542,5e-05,nan,0.33602659517490474,4,5e-05
29,0.015673209548306963,0.005484226976598923,0.0004217557231944132,0.04662639228627086,0.010367035984139268,0.0010060354463348631,2.106992144882679,0.01531687347839276,0.005360279123609265,0.00039949976320106847,0.04556599063798785,0.009855601579571764,0.0012535771078546532,2.0803720792134603,0.7177090554056446,0.8284797948022892,0.26574736572442104,0.017100504163729026,0.01015494094290618,0.03656945177058316,0.03333333333333333,52.14881719998084,10.993402199994307,63.14221939997515,63.14221939997515,1811.4279701997293,5e-05,nan,0.32901533730784477,5,5e-05
30,0.015635731847335896,0.0054585790475054335,0.00042484388444184636,0.04654734718302886,0.01037617886904627,0.0009906796675447063,2.143715156118075,0.015122467877032857,0.005198898726181748,0.0004290351238523726,0.045434953008467956,0.009584662574343383,0.0010757283385222157,2.1775184830029803,0.7151158652814998,0.8276020474307996,0.22962201970457308,0.017217366340462715,0.009989945615095235,0.03676703346710111,0.03611111111111111,52.670369800005574,10.55589630000759,63.22626610001316,63.22626610001316,1874.6542362997425,5e-05,nan,0.3316411138006965,6,5e-05
31,0.015594585662862906,0.00544061709952075,0.0004200347092895148,0.04647407081599037,0.010137494703910004,0.0010019996894698124,2.181725963950157,0.014980014235091706,0.005175106870592572,0.0004049659701801526,0.04491454384600123,0.009668264507005612,0.0009035144093407628,2.1241632044315337,0.7148473907651576,0.8272299657501904,0.2246826648160667,0.017519144261011085,0.009999834623089295,0.037449174188226256,0.03333333333333333,52.63729240000248,10.71911020000698,63.35640260000946,63.35640260000946,1938.010638899752,5e-05,nan,0.33260161804615795,7,5e-05
32,0.015550256283798565,0.005421325802065742,0.0004244416353079335,0.04632419934496283,0.010245957764952133,0.0009639942077531789,2.187045199672381,0.015034950827248395,0.005219889647560194,0.0004114711663229779,0.04507630759229263,0.00906489701398338,0.000994352715012307,2.1454281618197757,0.7118028630280295,0.8252845691780158,0.2259649029084271,0.017567770168200176,0.010122606463814906,0.0374526371994002,0.03888888888888888,52.53800959995715,10.749750400020275,63.287759999977425,63.287759999977425,2001.2983988997294,5e-05,nan,0.33577238063518555,8,5e-05
33,0.01552843131745855,0.0054076071023397764,0.0004150757228975029,0.04630118270094196,0.01017581558553502,0.0009750770642616165,2.20027700116237,0.014776207405763369,0.005058583202965868,0.0003931230678669332,0.04448724443403383,0.009755404926060389,0.0009123783364581565,2.0816140353679655,0.7183738228316098,0.829803607420276,0.22079476900124406,0.0169763343886879,0.00982253040375116,0.03658090950476685,0.03333333333333333,52.62188349995995,10.789534499985166,63.411417999945115,63.411417999945115,2064.7098168996745,5e-05,nan,0.32802961707690825,0,5e-05
34,0.015444207754141341,0.0053638445106723035,0.0004249449095368618,0.04612033409066498,0.010060330278550585,0.0009799546632469477,2.192929522693157,0.01459228761959821,0.004980501173607385,0.0004245336524036247,0.04371282852565249,0.01048893875752886,0.0009510223642185641,2.1231564978758493,0.7183662077978329,0.8297484096094891,0.23087992366238713,0.016853046934772964,0.00992658284976098,0.036519062835111,0.03611111111111111,52.3907540999935,10.754633200005628,63.14538729999913,63.14538729999913,2127.8552041996736,5e-05,nan,0.3280794378870391,1,5e-05
35,0.015462851400176685,0.005375478357503501,0.00042053552885287597,0.046147242405762276,0.01010701913619414,0.0009769349635462277,2.196196023623149,0.01510573986452073,0.0051723762783998,0.0004403666676807916,0.045040561181182666,0.011538443357373277,0.0009404275440222894,2.1323438435792923,0.7164848344823436,0.8281010284457511,0.23911096645973332,0.01709812472039133,0.010027891118397228,0.0368707004386564,0.03611111111111111,52.46872499998426,10.767324699962046,63.23604969994631,63.23604969994631,2191.09125389962,5e-05,nan,0.33041375707471005,2,5e-05
36,0.015333422025044759,0.005319568546838127,0.00041137931196620533,0.04581715478561819,0.009977176145184785,0.0009544534807597908,2.2156512503822645,0.014650291219974557,0.004993584173886726,0.00038533115415096596,0.04387127106698851,0.01052027551534896,0.0012544151997038475,2.1665194630622864,0.7205317021936224,0.8306643372784738,0.2517604661727848,0.016998784778367814,0.009982416814154176,0.03639788300652589,0.030555555555555555,52.59172760002548,10.639339800050948,63.23106740007643,63.23106740007643,2254.3223212996963,5e-05,nan,0.32584859762705765,0,5e-05
37,0.01535293081542477,0.0053242692267910265,0.00040980443748897717,0.045887326216325165,0.009971365643044313,0.0009861076357386386,2.2136163393656414,0.015059202234260738,0.005211544347306093,0.00039785230122409604,0.045182039976740876,0.009413537107563267,0.0008852203410545674,2.1674134453137714,0.7097410408905487,0.823590262110481,0.2161469755443395,0.017669865613828283,0.010115503491472385,0.03757895683616121,0.041666666666666664,52.44108919997234,10.692157500016037,63.133246699988376,63.133246699988376,2317.4555679996847,5e-05,nan,0.3379534194370849,1,5e-05
38,0.015352226611382018,0.005303053740256776,0.0004187068379299793,0.04598695477470756,0.010010920053658386,0.0009775838671581974,2.1861517250537874,0.014763386206080515,0.005113410859485157,0.0004251828479633938,0.04370327362169822,0.011220237496308983,0.0009273920489552742,2.1690257281064986,0.7220159059997437,0.8322703887023747,0.22674793963010967,0.016889048386752797,0.00969414824263427,0.035652579177956265,0.03333333333333333,50.98883449996356,10.603947299998254,61.59278179996181,61.59278179996181,2379.0483497996465,5e-05,nan,0.3233308214208468,0,5e-05
39,0.015352291202483078,0.005344020040744605,0.000413923150881601,0.0457908627577126,0.00994537624064833,0.0009682030797800204,2.2163486147920293,0.014843563898466527,0.0050947201913610725,0.00039687837361270797,0.04474593865064283,0.009156778268516064,0.0009224577059891696,2.1631834546724957,0.7123266353166073,0.8253670125890238,0.21793866251947147,0.017729737079129195,0.010115236271946626,0.03805654416835892,0.030555555555555555,49.53963270003442,10.274193999997806,59.81382670003222,59.81382670003222,2438.8621764996788,5e-05,nan,0.33584514512369823,1,5e-05
40,0.015253930368150275,0.005284644100659837,0.0004074681093698018,0.0456012106500566,0.009929607591281335,0.0009574295887432527,2.2319850673278174,0.014644189256553848,0.004974739872462427,0.0004033762780333442,0.04412789495351414,0.009626579338995118,0.0011635150285049653,2.2369023144245146,0.7210918708809247,0.8317627945396111,0.2163829413948303,0.01723625021893788,0.009728865393835391,0.03646894591510644,0.03611111111111111,48.40571970003657,10.543673700012732,58.9493934000493,58.9493934000493,2497.811569899728,5e-05,nan,0.3251059404280171,2,5e-05
41,0.015254668969040116,0.005282245522054533,0.00040418748333953167,0.04562604931804041,0.009884929777278255,0.0009579134857631288,2.242337694267432,0.014709284769681592,0.0050126649953502545,0.00041304257611045613,0.044141618503878516,0.01025511797439928,0.0010570737062759387,2.200778451561928,0.723981775336849,0.8329548904918319,0.2418286306250547,0.017043745193248857,0.009761528654016213,0.03646103077720048,0.03333333333333333,49.085235200007446,11.29152269999031,60.376757899997756,60.376757899997756,2558.188327799726,5e-05,nan,0.3222407840943676,0,5e-05
42,0.015223001719762881,0.005251558446131336,0.0004126785529175928,0.045603187599529825,0.009987784336165836,0.0009546250216468859,2.211494753261407,0.014629679398300748,0.004965932785610979,0.000395421206728012,0.04429413961867491,0.009603349996420244,0.000789667487454911,2.061834567785263,0.7207513858312744,0.831116420608603,0.22531291567699654,0.016754868596910635,0.0097185822528985,0.03576278040373163,0.030555555555555555,50.41781379998429,10.56764020002447,60.98545400000876,60.98545400000876,2619.1737817997346,5e-05,nan,0.32472997682535576,1,5e-05
43,0.015230944054201246,0.005266389659179064,0.0004025314283959839,0.04562540600697199,0.009777537622721866,0.0009398617893263387,2.230968294044336,0.014685086921478312,0.004990615636537162,0.0004111143463887856,0.04417206700891256,0.010238746266501645,0.0010060874818009324,2.1559316496054333,0.7181994177706011,0.8289706098944198,0.2126389161635585,0.017449393416997347,0.009758715674747849,0.03725644258420367,0.041666666666666664,51.914455999969505,10.576302900037263,62.49075890000677,62.49075890000677,2681.6645406997413,5e-05,nan,0.3288157404883504,2,5e-05
44,0.015242434180496882,0.005270710169376495,0.0004111228040225493,0.045612279682730635,0.009933049716831495,0.0009445328566168124,2.2316422219077747,0.014493624415869514,0.0048596906223489595,0.0004105886446874744,0.044200545627002916,0.008901637928405155,0.0008904873815481551,2.2210066239039103,0.7229096019117258,0.8331429278858986,0.21609800433677934,0.017114449780183474,0.009677433799935386,0.03621404226922093,0.03333333333333333,50.44517939997604,10.18543299997691,60.63061239995295,60.63061239995295,2742.2951530996943,5e-05,nan,0.3229818741574305,3,5e-05
45,0.015148819272872061,0.005230479460442439,0.0004060908703346892,0.04535514965342979,0.009890429927812269,0.0009143111776211299,2.2585447400808336,0.014663948010032376,0.005074172294310605,0.00043216157907105903,0.044025576564793785,0.008675924820515017,0.0009095510453335009,2.1895420293013257,0.7143627877514882,0.8271016963806436,0.2069255125426052,0.01734529053942468,0.009930350940824692,0.03731164706053601,0.030555555555555555,50.04090159997577,10.229256699967664,60.27015829994343,60.27015829994343,2802.5653113996377,5e-05,nan,0.3328792102498725,4,5e-05
46,0.015105104687002798,0.005201315596544494,0.00040731775588938036,0.045308474373693265,0.009715805377345533,0.0009473867081396748,2.274708878993988,0.014359855562603722,0.004795128057594411,0.00038693655357443883,0.043197095238914095,0.011582996207289397,0.0009624541824450716,2.2064830392599104,0.7249116567418004,0.8343843770065028,0.2271672984397215,0.016988016720874577,0.009684208884796671,0.03602046529893062,0.030555555555555555,49.814001699967775,10.435479099978693,60.24948079994647,60.24948079994647,2862.814792199584,5e-05,nan,0.32079301744192695,0,5e-05
47,0.015112508674307416,0.00521391819929704,0.00039966696525273925,0.045296547127266724,0.009758165325426187,0.0009137569487696358,2.2575139780839284,0.014608023750285307,0.005009315154165961,0.00037975338788479956,0.043982769704113404,0.009315238745572666,0.0009766236015517884,2.1161095440387725,0.7182038400078439,0.8301433935475158,0.22118213673135095,0.01696187576366788,0.00986065961033027,0.036147883684275975,0.030555555555555555,50.29115569998976,10.557876300008502,60.84903199999826,60.84903199999826,2923.6638241995825,5e-05,nan,0.32780470328676237,1,5e-05
48,0.01507701410058265,0.0051953040092485026,0.00040358104809759727,0.045216355643545585,0.009760195527148123,0.0009185889747944505,2.237832390765349,0.015008110521982114,0.0052875589385318255,0.0003944598830761,0.04449451469505827,0.008829475667638084,0.00144892286528678,2.2883662859598797,0.7094912316564663,0.8231714359308557,0.2566878097577519,0.017417144447730577,0.01044717014423906,0.03758669003285394,0.030555555555555555,50.592217300029006,10.367532400006894,60.9597497000359,60.9597497000359,2984.6235738996183,5e-05,nan,0.33854262852062667,2,5e-05
49,0.01512493909879898,0.005220034837839194,0.00041163837813655845,0.045311765062312284,0.009728380164597183,0.0009732728596039427,2.2514074539144833,0.014306421725389857,0.004841700606630184,0.0003712158937560162,0.043130557130401335,0.009942360424126188,0.0008132273860004109,2.265871752301852,0.7232103017510444,0.8328939936938455,0.2200286168377249,0.017264227385677358,0.009663239345022716,0.03639922158970288,0.036111111111111115,50.98600670002634,10.536665199964773,61.52267189999111,61.52267189999111,3046.1462457996095,5e-05,nan,0.3228521591836812,3,5e-05
50,0.015045706322416664,0.005174163631939639,0.0004074254295725647,0.04516360793883602,0.009708201489411294,0.0009261138223034019,2.2562004114190737,0.014494965000388523,0.004903135183849372,0.00038244879736642665,0.043907873115191856,0.00941959723131731,0.0009502075108078618,2.1527518798907597,0.7211745914021316,0.8318849482253412,0.22313280577200773,0.01703929399678301,0.00978231792088969,0.036010501297351415,0.03333333333333333,50.37542339996435,10.428388900007121,60.80381229997147,60.80381229997147,3106.950058099581,5e-05,nan,0.3246182278161095,4,5e-05
51,0.015074161265511065,0.005203358304182378,0.0003990539764345158,0.045194130903109905,0.009641085700908054,0.0009217389818028702,2.240245675543944,0.014236365507046381,0.004760441531349594,0.0004036922630499854,0.04323860104195774,0.009751470666378737,0.0008680519119176703,2.1648896435896554,0.7237151693515644,0.833412804632238,0.21845094274045582,0.01722899280632845,0.009649115801633879,0.036466587597710313,0.03333333333333333,49.122991500014905,9.804314200009685,58.92730570002459,58.92730570002459,3165.8773637996055,5e-05,nan,0.32240053404777974,5,5e-05
52,0.015018569899257272,0.005160570452183795,0.00040243641087727154,0.04513025190681219,0.009667145553976297,0.0009216807591049777,2.220202889541785,0.015069133408057192,0.005348231936416899,0.0003861907262034947,0.04457048230494062,0.009177096801189085,0.0011119748722800674,2.151131511727969,0.6920434170385933,0.8096640355803678,0.2238459328666784,0.018851505807359337,0.010853889868833833,0.040186254295925,0.058333333333333334,50.043036599992774,10.61433810001472,60.657374700007495,60.657374700007495,3226.534738499613,5e-05,nan,0.35899672712616554,6,5e-05
53,0.01500846726509432,0.005165423307335004,0.0004027787583254394,0.04504935168661177,0.009674740819415698,0.0009331835273769685,2.2222146476308504,0.01456740969636788,0.004895096712668116,0.0004058374224769068,0.04382189034173886,0.010960007691755891,0.0011579877362237311,2.2086754302183786,0.7253260884202926,0.8340357782415491,0.22965764811519035,0.01708033325695413,0.009617239125763618,0.03593677790920301,0.030555555555555555,49.680764899996575,10.349379399965983,60.03014429996256,60.03014429996256,3286.5648827995756,5e-05,nan,0.3202279286146741,0,5e-05
54,0.015020275519539912,0.005165241611151335,0.00039935070781211835,0.045099913608282804,0.009646395116578787,0.000940748758148402,2.258237131436666,0.014336904999800027,0.004841216983428846,0.0003947982260797289,0.043451343678558865,0.009410420754769196,0.0008151641299870486,2.151802174250285,0.7213814916842965,0.8319493716751338,0.21854117981123344,0.01714328522310348,0.009666697276714813,0.035962020567762744,0.03611111111111111,49.48652920004679,10.533305699995253,60.01983490004204,60.01983490004204,3346.5847176996176,5e-05,nan,0.324247226160181,1,5e-05
55,0.014954703336115927,0.0051264623257641995,0.00039715408826547597,0.04495440982282162,0.009661172052922969,0.000906018970029739,2.295684866110484,0.014450558500053981,0.004866802277198682,0.0003794697035724918,0.04358382161396245,0.010370582706915836,0.0008896876495176306,2.2808417399724323,0.7246023022080974,0.8337724159495852,0.2267910217871408,0.016880748164657487,0.009620678589398166,0.035550979187365335,0.03333333333333333,48.38199399999576,9.533377599960659,57.915371599956416,57.915371599956416,3404.500089299574,5e-05,nan,0.3205693555686661,2,5e-05
56,0.015031560964416713,0.0051895825900525475,0.0004032453578474815,0.045039873911688726,0.009593627737679829,0.0009163066308246926,2.278576526045799,0.014241350236504028,0.0047301308339228855,0.00038180883414800824,0.04330258229747415,0.010187696238669256,0.0008490890182050255,2.2250181366999944,0.7249263721022372,0.8343737451045127,0.2093366208930831,0.01692595745108048,0.009541144565338824,0.035844861197301826,0.030555555555555555,46.996558999991976,10.337186299962923,57.3337452999549,57.3337452999549,3461.833834599529,5e-05,nan,0.3204596336604034,3,5e-05
57,0.014955595190015932,0.00514668266599377,0.0004047033002886261,0.04487416727157931,0.009653135270734007,0.0009190613168660396,2.2452842170993486,0.014209228676433365,0.004779030596061299,0.0003907465459027056,0.0429155896573017,0.01016111527569592,0.0008272282541535484,2.195134635766347,0.7233534624427217,0.8335342386828348,0.21130096758981107,0.016785935747039682,0.009562020679141258,0.03539946540848191,0.027777777777777776,49.424232499965,10.699502100003883,60.123734599968884,60.123734599968884,3521.957569199498,5e-05,nan,0.3216080236449015,4,5e-05
58,0.014924892449441056,0.005104795149721516,0.00040418243085393136,0.04493884327821433,0.009565205222073322,0.0009142051031327962,2.2752147818605106,0.014382468210533262,0.004830463034644102,0.0003942997676252465,0.0439276629127562,0.008217746659647673,0.001022546019521542,2.255979846914609,0.7152898231315657,0.8278593582104735,0.209533270915661,0.01796735612299557,0.009963360805327772,0.03774401203527171,0.04444444444444444,48.33581040002173,10.281027199991513,58.61683760001324,58.61683760001324,3580.574406799511,5e-05,nan,0.33241754970903375,5,5e-05
59,0.01493156790190066,0.005109035492447826,0.00040270480585604675,0.044928989528367914,0.009620954309745381,0.0009267661174817476,2.2880729625622434,0.014187490458910663,0.0047314714378444474,0.0003594554102164693,0.04315815800800919,0.009594378666952253,0.0008351044821514127,2.3102197984854382,0.72526748069097,0.8345408446299201,0.21715580038748622,0.016990975654486453,0.009568123617349216,0.03562455535423041,0.047222222222222214,48.527990699978545,10.346503200009465,58.87449389998801,58.87449389998801,3639.448900699499,5e-05,nan,0.3199251982806096,0,5e-05
60,0.01491368079635625,0.005112732617999427,0.0004042087967415379,0.04483458960118393,0.00956812077978005,0.0009276488051303507,2.283998868862788,0.014328414876945316,0.004889275857325023,0.0003898735294569633,0.043047785417487223,0.009359167768464734,0.0010872860914484287,2.29284399052461,0.7198618360330113,0.8313064482978845,0.2202018284384337,0.01703613795731952,0.009784205785065048,0.03596503520890842,0.03333333333333333,46.91107390000252,10.209718799975235,57.120792699977756,57.120792699977756,3696.569693399477,5e-05,nan,0.32588740496096213,1,5e-05
61,0.014873188528387498,0.005095356953097508,0.0003984775448164631,0.04472002848051489,0.009638141538016499,0.0009349622266502896,2.254750712712606,0.014281620655674487,0.004770718999983122,0.00036717868330621664,0.043357309559360145,0.01000861522819226,0.0009052826625217373,2.2030898590882617,0.7212617919690472,0.8313356769988232,0.21925235751277236,0.01715913785120528,0.009771517080279492,0.03646185682982123,0.027777777777777776,50.12866230000509,10.446349500038195,60.575011800043285,60.575011800043285,3757.14470519952,5e-05,nan,0.3249715819410536,2,5e-05
62,0.014880206265176336,0.005089716491056606,0.0003998587174161609,0.04482253459282219,0.009527076870047798,0.0009175685712155731,2.237786576151848,0.014119931554887444,0.004695213507511653,0.0003913195511207353,0.04306257561159631,0.009207195214306315,0.0009509824410391351,2.2603012373050055,0.7261303338548598,0.8348899523217465,0.2149829989412056,0.017258214418961106,0.009526662368549842,0.035940843254452584,0.03611111111111111,50.09286589996191,11.603539399977308,61.696405299939215,61.696405299939215,3818.8411104994593,5e-05,nan,0.31933717176814264,0,5e-05
63,0.014893197035416961,0.005117350750758002,0.00039871004804202433,0.04474812620319426,0.009511656147272637,0.0009227140256067893,2.247603682180246,0.014196641401698191,0.004717287411525225,0.0003858115347005272,0.04336861475991706,0.009222873700006554,0.0009081906760305476,2.219153365492821,0.7236840191668616,0.8334013021826993,0.20974434319662388,0.017329830592120055,0.009603856285798006,0.036607954749646746,0.030555555555555555,52.04378960002214,10.528400000010151,62.57218960003229,62.57218960003229,3881.4133000994916,5e-05,nan,0.3225277918685831,1,5e-05
64,0.014815635432023555,0.005069229970104061,0.00040638985022572647,0.04459229460917413,0.009457553927010547,0.0009409245416463818,2.267444665233294,0.014315773926985761,0.004791744312387891,0.00038956206293126646,0.04344070583271484,0.00988021915545687,0.0009467859791281323,2.1662581324577332,0.7236447326619839,0.8333685835460455,0.2162416424846272,0.01703329508221758,0.009676034663133564,0.03596518269726814,0.027777777777777776,51.605678600026295,10.259521099971607,61.8651996999979,61.8651996999979,3943.2784997994895,5e-05,nan,0.3219964846984178,2,5e-05
65,0.014878924804118772,0.0050997051264857875,0.00039986189834356387,0.04474879465997219,0.009516296229170015,0.0009307081946947922,2.2713797012964885,0.01417819787748158,0.0047985245890837785,0.00039453901978655874,0.04290449065156281,0.009093655669130386,0.0009290653363374683,2.1873121559619904,0.723007932719734,0.8328663614357059,0.2030985026853011,0.017526668040683105,0.009579587348403829,0.03648841420663671,0.03333333333333333,49.996771799982525,10.332928999967407,60.32970079994993,60.32970079994993,4003.6082005994394,5e-05,nan,0.3230600688353066,3,5e-05
66,0.014798636618070304,0.005053627417267611,0.0003964019372385034,0.044585833139717576,0.00946794988703914,0.0009393235295040843,2.281983264287313,0.01427592895148943,0.004801025321163858,0.0003913834048944409,0.0433889651671052,0.009095594477063667,0.0008990247030548441,2.1910267094771068,0.7161269024123903,0.8282056664110208,0.21025033934929477,0.01755471730829977,0.009857612484647445,0.036415488261008745,0.030555555555555555,49.79117219999898,10.415336299978662,60.206508499977645,60.206508499977645,4063.814709099417,5e-05,nan,0.33014619833326586,4,5e-05
67,0.014839615917298942,0.0050718496718521544,0.0004001103941239611,0.044664094659189385,0.009578799378747742,0.0009366857123192555,2.2915082146724064,0.014132488868199289,0.004693563208760073,0.0004036124906936796,0.04297665158907572,0.01001908645654718,0.0008407338119771642,2.1988167434930803,0.7248867454889502,0.8341637162010624,0.21288253174168215,0.016953737122065174,0.009544197872650893,0.03546692149806089,0.03888888888888888,50.054808600049,10.741255400003865,60.796064000052866,60.796064000052866,4124.61077309947,5e-05,nan,0.3201243738817616,5,5e-05
68,0.014818698994349688,0.005066408574930392,0.00040271741951679964,0.044614149769768116,0.009505173253516356,0.0009302181929039459,2.271473134557406,0.014167214278131723,0.004711605647268395,0.00039387824920898614,0.043225350122277933,0.009385121768961351,0.0007985681450615327,2.225783391793569,0.7226733641391045,0.8329649322319523,0.20612897704899724,0.01713745321467804,0.00958808678632701,0.035931780851524944,0.041666666666666664,48.474010700010695,10.527331300021615,59.00134200003231,59.00134200003231,4183.612115099502,5e-05,nan,0.32284650349874744,6,5e-05
69,0.014796309223553787,0.005068125464216185,0.0003944750200389535,0.04450231716036797,0.009501842356985434,0.0009044605413995062,2.285099733869235,0.014030618759958695,0.0046544401586288585,0.0004046423984012411,0.04270598047102491,0.00959478507284075,0.0008717259785044007,2.3072836766640346,0.7252200271476343,0.8346396639363515,0.2058655934691861,0.016983671631717153,0.009465612704671392,0.03521671385623161,0.03611111111111111,46.81138089997694,10.209175200026948,57.02055610000389,57.02055610000389,4240.632671199506,5e-05,nan,0.31946229941326865,7,5e-05
70,0.014756732534927626,0.0050378493207972495,0.0004021892208281012,0.04446286278155943,0.009384059463627636,0.0009233274807532629,2.3050328334172567,0.014288276111862312,0.004767109208235827,0.00042184016419923866,0.043463709748660526,0.009544475648241738,0.0008231755074424048,2.256743088364601,0.7198806969352772,0.8311622246085404,0.209462245622452,0.01708363273309185,0.00968868654933593,0.035707747298973185,0.030555555555555555,48.532111199980136,10.499886300007347,59.03199749998748,59.03199749998748,4299.664668699494,5e-05,nan,0.3255157369130319,8,5e-05
71,0.014773003136118254,0.0050342439858165255,0.0004015484194799986,0.044506970001384615,0.009585905408797165,0.0009513089409059224,2.301945311824481,0.014145074672220896,0.004703740653349086,0.00038515552050739644,0.04317116128901641,0.00889210042466099,0.0011439891677582636,2.2826595544815063,0.7195548548198787,0.8310537929408749,0.21258754238707056,0.017168965356916158,0.009812885614243953,0.036155284692825966,0.03611111111111111,48.60946389997844,10.562578900018707,59.17204279999714,59.17204279999714,4358.836711499491,5e-05,nan,0.3264133154871912,9,5e-05
72,0.014753888954874127,0.005030006683470371,0.00039981138118794967,0.04447213367869456,0.009439788252348081,0.0009325265661270047,2.308773516615232,0.014195360134666164,0.004757761830114759,0.00037746415843381933,0.04335965268934767,0.008242715677867333,0.0011227138141597,2.2190325836340588,0.722084352604815,0.83285327024572,0.21063090342285384,0.017314868032294997,0.009702361337630897,0.036134155467899214,0.03333333333333333,49.63318100001197,12.464556800026912,62.097737800038885,62.097737800038885,4420.93444929953,5e-05,nan,0.3237521642007152,10,5e-05
73,0.014740511503381034,0.005026549051399343,0.0004068758025217297,0.04441946436030169,0.009515566600020975,0.0009209377904577802,2.268690405289332,0.014069092564750463,0.004736140010451587,0.00039632383589681316,0.042720370537911855,0.008842009282670916,0.0008211360249939996,2.264563000202179,0.7216212329166731,0.8318106290727924,0.19971378165627257,0.017088100675476916,0.009558381558531566,0.03592152039150116,0.03611111111111111,49.08828020002693,10.058806699991692,59.14708690001862,59.14708690001862,4480.081536199548,5e-05,nan,0.3238586690333596,11,5e-05
74,0.014775592073177298,0.005063014579354786,0.00039711160370643485,0.04444775371812284,0.009392676638284077,0.0009382110205478966,2.2705986529588698,0.014119394643542667,0.0046981415206876894,0.000390518392669037,0.04308336403531333,0.009132257259140412,0.0008889791870994183,2.25414719581604,0.7240485518041887,0.8338397282106644,0.2093359846192359,0.017391259172228814,0.00953617634687967,0.03565178072932615,0.03611111111111111,48.4425043000374,10.341997499985155,58.784501800022554,58.784501800022554,4538.866037999571,5e-05,nan,0.3211394052720171,12,5e-05
75,0.014756698557175697,0.005022009559130917,0.00040593202399274254,0.044539535356064634,0.009453022650753458,0.0009347849605546799,2.2620488196611404,0.01404360942542553,0.0046429892264616985,0.00038509733112732645,0.04281562524847686,0.009911023375267784,0.00082522875018185,2.2366294155518216,0.7272294923160681,0.8361448317653696,0.20951202671243863,0.016923714858555167,0.009429467700926642,0.03491426965548284,0.030555555555555555,49.472335700003896,10.327647600031924,59.79998330003582,59.79998330003582,4598.666021299607,5e-05,nan,0.31711424504034136,0,5e-05
76,0.014755374410500129,0.005039384944636064,0.000399079803476828,0.04440195068406562,0.009533987656080474,0.0009611823115847073,2.3102469106515247,0.014062408136669546,0.004661962362782409,0.00037693154766505664,0.04294919101521373,0.00939405090175569,0.000881618618829331,2.2143775234619776,0.7201060595556787,0.8309379675152092,0.20521165288782264,0.017434703317523045,0.009688503870004058,0.03638509363315119,0.030555555555555555,48.71789580001496,10.879157600051258,59.597053400066216,59.597053400066216,4658.263074699673,5e-05,nan,0.3259675379474765,1,5e-05
77,0.014769412103729944,0.005049397262822216,0.0004121863010368543,0.044442407220291594,0.009483636717777699,0.000939526220705981,2.279378417134285,0.01403638005334263,0.004643107970089962,0.00040902970146513933,0.04272961425594986,0.009819975557426612,0.0009347969525454876,2.2780452857414883,0.723603096361006,0.833520833298948,0.20093609879479632,0.01755971419806693,0.0095254561679106,0.0360947172239254,0.05,47.94824419997167,10.451299600012135,58.3995437999838,58.3995437999838,4716.662618499657,5e-05,nan,0.32201707703083005,2,5e-05
78,0.014699084967530023,0.005010826602422943,0.0003931840171693087,0.04430919576746722,0.009459107780518632,0.0009488550861230275,2.273840280373891,0.014003969798795878,0.004682206237339415,0.00038200364094033527,0.042553795594722034,0.009289107106936475,0.0009683268571582933,2.2173184742530188,0.7248558102472075,0.834403419045276,0.20307194234103682,0.017029980793822706,0.009491079658002685,0.03515381326657951,0.03333333333333333,47.5083645999548,10.084071599994786,57.59243619994959,57.59243619994959,4774.255054699606,5e-05,nan,0.3197890826773747,3,5e-05
79,0.014754778841355195,0.005029088282996478,0.0003995891194184272,0.044520599433841804,0.009395754855358974,0.0009201988914962082,2.2585506329933804,0.014075329558302959,0.0046664894587593155,0.00038621031865962625,0.042537552397698165,0.011057330388575792,0.0010150936466137258,2.2046632597843807,0.7274064375383611,0.8358828483728004,0.21152052261196802,0.016796142028552806,0.009403494567420383,0.03481879705568062,0.03333333333333333,50.11528450000333,10.365477100014687,60.48076160001801,60.48076160001801,4834.735816299624,5e-05,nan,0.3168158540847399,0,5e-05
80,0.014670635294169187,0.005010982566939977,0.0003984698855977816,0.04419757765717804,0.00939260465092957,0.0009035961784926865,2.2563300877809525,0.014017578214406967,0.004645600239746273,0.00039976739520473833,0.04270571768283844,0.009661643486469983,0.0008273744722828269,2.2642997960249582,0.7232793020980662,0.83338997107329,0.201287102380512,0.016967454336763513,0.009512537766459243,0.03497479871660427,0.030555555555555555,49.927776900003664,10.519426000013482,60.447202900017146,60.447202900017146,4895.183019199641,5e-05,nan,0.3212080343849973,1,5e-05
81,0.01469178122545903,0.005015790087054483,0.0004087614681945221,0.04422288361626367,0.009458765872598937,0.0009570379421347752,2.288717077175776,0.014039834029972553,0.0046693333715666085,0.00038144265927257947,0.04283532079619666,0.009250925574451684,0.0008205923770825999,2.2357188731431963,0.7179008507492485,0.8294321713987965,0.1976715203329679,0.017001732543520685,0.009701432134531392,0.03594297164469231,0.03333333333333333,50.92069840000477,10.313445399980992,61.23414379998576,61.23414379998576,4956.417162999627,5e-05,nan,0.3277435530299752,2,5e-05
82,0.014739702036604286,0.005036847643593015,0.0004079739963951094,0.0444019983522594,0.009262046929992114,0.000934077299219401,2.3105354497830075,0.01400431686391433,0.004666506718300904,0.00036920405303438503,0.04253885893461605,0.009648613169944534,0.0009161086971289478,2.2796134879191716,0.7216804656689246,0.8322825974600413,0.20088184057731254,0.01713691473875556,0.009557114440238724,0.03535183776476604,0.027777777777777776,49.85443690000102,10.255535900010727,60.10997280001175,60.10997280001175,5016.527135799639,5e-05,nan,0.32322848653608016,3,5e-05
83,0.014711462244546662,0.0050102068538156646,0.0004030331717634302,0.04437030587966243,0.009444072175150116,0.000935643781364585,2.2760165363550184,0.014020708917329709,0.0046593186629858485,0.00038683701010692556,0.042828253299618764,0.009003297794455042,0.0009417758153479857,2.2111829380194346,0.7239826483453075,0.8336464319644626,0.20565843675078727,0.017561005499986505,0.00957339213896385,0.03599686265400348,0.030555555555555555,50.33160700002918,10.20055330003379,60.53216030006297,60.53216030006297,5077.059296099702,5e-05,nan,0.3215876064476599,4,5e-05
84,0.014742491696961225,0.005024855768230433,0.00040148454202911427,0.04443163496131698,0.009456692263484001,0.0009454934535218247,2.30902714629968,0.014304710164045295,0.004929817374795675,0.0004017905914224684,0.042677766534810264,0.009213580299789708,0.0012654872785788029,2.35027730067571,0.7276662799871232,0.8356781198687776,0.23502806075548535,0.016988279001587257,0.009605246854661383,0.0352228150003631,0.027777777777777776,50.52964030002477,10.357114200014621,60.88675450003939,60.88675450003939,5137.946050599741,5e-05,nan,0.3171617818679013,5,5e-05
85,0.01469243853741015,0.005020614931709133,0.0004041102593570637,0.04418148462039729,0.00949596925250565,0.0009711759385633438,2.313472092151642,0.014050343073904514,0.0046987816613788405,0.0003879057805534103,0.04275240887266894,0.008752875891514123,0.0011580122605664655,2.2795403470595677,0.7260556864720732,0.834892386821599,0.21441255254674207,0.017021835468400574,0.009556032371580658,0.0353620427277807,0.03611111111111111,50.49264890002087,10.243287899997085,60.73593680001795,60.73593680001795,5198.681987399759,5e-05,nan,0.31886238862728816,6,5e-05
86,0.01466431413233901,0.004979049610362078,0.00040206838997013014,0.044309722476949295,0.009317009492466848,0.0009387544096777371,2.301179709037145,0.014057690091431142,0.004697707156689527,0.0003874554951835307,0.04278321874638399,0.009162743657361716,0.0008221148299829413,2.2660499771436053,0.7178384256948495,0.8293666864007699,0.1998732518692446,0.017599418299409326,0.009747088733955352,0.0364150675169226,0.03333333333333333,50.20649870001944,10.02443210000638,60.23093080002582,60.23093080002582,5258.912918199785,5e-05,nan,0.3283237305560285,7,5e-05
87,0.014683968317694963,0.0049858527238635965,0.00040290593442477985,0.04433739734813571,0.009454997136102369,0.0009398221222606177,2.303139093518257,0.014069675052693735,0.0047448163871498155,0.00041449956176317453,0.04256931593020757,0.009231207065749914,0.0008311384512732427,2.2497817079226174,0.7235687803212869,0.833042282392073,0.19731009069947422,0.017228928328592352,0.009468140319226189,0.0354454321553871,0.027777777777777776,48.01299319998361,9.8748695999966,57.88786279998021,57.88786279998021,5316.800780999765,5e-05,nan,0.3213447921533264,8,5e-05
88,0.014658410560029249,0.004984592843296317,0.0003983727759987232,0.044259065032626194,0.009388595245157678,0.0009401792856806423,2.258912941813469,0.014216112826640407,0.004758725766441785,0.000394351647264557,0.04328306155900161,0.009067863959353417,0.0008686743807629682,2.250774011015892,0.7132617193805769,0.8260519689701274,0.20211310882184452,0.017339132441262527,0.009756706734878088,0.03613291648957905,0.03611111111111111,49.103808799991384,10.230981800006703,59.33479059999809,59.33479059999809,5376.135571599763,5e-05,nan,0.3326279038438802,9,5e-05
89,0.014612353255506605,0.004971211344430533,0.00039392486942233516,0.04408132210373879,0.009359206138954808,0.0009568494679115247,2.302896492679914,0.013991207485863319,0.004698121523445783,0.00036706176497318664,0.04216093275075158,0.00998471633453543,0.0011449822826155771,2.3100196341673533,0.7211796716933845,0.8320731444236146,0.22917997791999542,0.016920492289604114,0.009771992685696385,0.035079023870484546,0.03611111111111111,50.64631260000169,10.248438899987377,60.89475149998907,60.89475149998907,5437.030323099752,5e-05,nan,0.3236713448627965,10,5e-05
90,0.01467242364694054,0.005021871896072601,0.0003931148754418246,0.044129892035077015,0.00938062476925552,0.000948972591383305,2.294704297184944,0.014354404473366836,0.004940530983731151,0.0004125573252773999,0.04308607818869253,0.008869036061999699,0.000933920240883405,2.23998299241066,0.7133002484560494,0.8261189624897712,0.1985022890601148,0.017406087873354275,0.009921934344142033,0.037259727598114266,0.027777777777777776,50.08757760003209,10.175014599983115,60.262592200015206,60.262592200015206,5497.292915299768,5e-05,nan,0.33388141348620687,11,5e-05
91,0.014661332413864633,0.00499254027090501,0.0004003919847794653,0.04420906505547464,0.009366990171838552,0.0009543096799461637,2.308356539408366,0.014077350276056676,0.004665518367740636,0.0003718394902837948,0.04288233923725784,0.009744429984129966,0.0009578920090765071,2.258800146977107,0.7247254629182246,0.8343820081195114,0.2041443708796302,0.017079263036707835,0.00951241849032917,0.03517193775413827,0.03333333333333333,50.73263240000233,10.362985500018112,61.09561790002044,61.09561790002044,5558.388533199788,5e-05,nan,0.31995889332624283,12,5e-05
92,0.01463685166478778,0.004968083272494065,0.0003988957969947175,0.04421135376517971,0.009360683478492622,0.0009628433826340672,2.30542005499204,0.014068790633852283,0.004662617713135356,0.00038550176304852357,0.042882298864424226,0.009709689661394804,0.0008397141859556238,2.2514257033665976,0.7213395747500194,0.8318620044995749,0.20889609000026108,0.01691837897461134,0.00964394108511118,0.035366769994408166,0.03333333333333333,50.36184330005199,10.262471700028982,60.62431500008097,60.62431500008097,5619.012848199869,5e-05,nan,0.32367113632949995,13,5e-05
93,0.014621826730823765,0.004968188743805513,0.00040402092102643415,0.044127498179053266,0.009403124870732426,0.000936345706092349,2.3036043922106426,0.014482667044891666,0.004942364705493673,0.00041458537943981353,0.043552514848609766,0.009471418211857478,0.0009706436486643118,2.2477902352809904,0.7089356792604135,0.8232112940176748,0.2044720073496126,0.017559396108532774,0.00993429837550941,0.0367980769003251,0.03055555555555555,50.67918470001314,10.303350000001956,60.982534700015094,60.982534700015094,5679.995382899884,5e-05,nan,0.33779669601542106,14,5e-05
94,0.014667533617466689,0.004991020983046231,0.00040170871561713285,0.04423327050171792,0.009438722083965937,0.0009667519322344257,2.2924289137125013,0.013855798526977499,0.004563091217035738,0.000382938265647681,0.04264248862552146,0.00829957661141331,0.0009302060439949855,2.2613270858923595,0.7224132018502909,0.8325538266483135,0.1974455432462394,0.01752680407036829,0.009589624766262598,0.03619255179238716,0.030555555555555555,50.22537739999825,10.42087910004193,60.64625650004018,60.64625650004018,5740.641639399924,5e-05,nan,0.32336897470835885,15,5e-05
95,0.01458986388752237,0.0049618055345490575,0.00039631740000913853,0.04402836224374672,0.00935397872235626,0.0009280380906905824,2.2902149707078934,0.014023166700887183,0.0046270290244137865,0.00039029237786962766,0.04290074906311929,0.009315366142739851,0.000895070255016132,2.2740739554166796,0.7259886247473425,0.8350829488085044,0.20632149376795786,0.01702809395423545,0.009477653526052832,0.03500504528902212,0.03333333333333333,50.11821050004801,10.440201499965042,60.55841200001305,60.55841200001305,5801.200051399937,5e-05,nan,0.31849407406773245,16,5e-05
96,0.01460815038687239,0.0049604019014320025,0.0003966212948095441,0.04410922673220436,0.00940739717334509,0.0009495629662220987,2.2873078107833864,0.014023006439674645,0.0046488372647824384,0.0003881892131175846,0.04260828543143968,0.009962527081370354,0.001017339921478803,2.2588074574867885,0.722542642402525,0.8320571334899345,0.21800016742823616,0.01740967814050284,0.009646168307789919,0.0359405669547871,0.04444444444444443,50.40219320001779,10.449681399972178,60.85187459998997,60.85187459998997,5862.051925999927,5e-05,nan,0.32304409286005203,17,5e-05
97,0.01465481414925307,0.00498377708136104,0.0003996660614575376,0.044211286849652726,0.009403638041112572,0.0009697524525108747,2.301768476764361,0.014021820827232053,0.004633580635224159,0.0004003172033359685,0.04296775632537901,0.008899158208320539,0.0010013259336119518,2.19601182838281,0.7274805874004834,0.8361305577789254,0.20965722259675523,0.017008579025593346,0.00947961962394377,0.03516566375670775,0.03888888888888888,50.383922999957576,10.263607900007628,60.647530899965204,60.647530899965204,5922.6994568998925,5e-05,nan,0.31716469598016817,18,5e-05
98,0.014656105292184899,0.0049964116187766194,0.00039725585429550847,0.0441878583903114,0.009343855102391293,0.0009637986680900212,2.2728799949089686,0.014284396722602347,0.004864965108572506,0.00039160697227392426,0.04306189989050229,0.009064636088442057,0.0009659729126724415,2.2719964027404784,0.7197267205420795,0.8308681122493536,0.20158535453991056,0.017281341559932367,0.009708651553549217,0.036132182614896514,0.03611111111111111,50.26930380001431,10.40160060004564,60.67090440005995,60.67090440005995,5983.3703612999525,5e-05,nan,0.3261141136263662,19,5e-05
99,0.014627626344251136,0.004966746089242709,0.0003993333659309428,0.04418886654699842,0.00941768645037276,0.0009749195829499513,2.2360980316996573,0.014035165197371195,0.004659397872940948,0.00040384313106187617,0.042930146136010684,0.00885079198051244,0.0009738294203998521,2.177381334702174,0.7232939930648714,0.8334418006470778,0.2106853384485501,0.017027552911416347,0.00964228824449498,0.03550575384816013,0.030555555555555555,50.163155199959874,10.267001700005494,60.43015689996537,60.43015689996537,6043.800518199918,5e-05,nan,0.3218540490277837,20,5e-05
