epoch,train_total_loss,train_sdf_loss,train_corner_loss,train_mask_loss,train_sep_loss,train_consistency_loss,train_latent_reg_loss,val_total_loss,val_sdf_loss,val_corner_loss,val_mask_loss,val_sep_loss,val_consistency_loss,val_latent_reg_loss,val_mean_mask_iou,val_mean_mask_dice,val_mean_area_relative_error,val_mean_centroid_distance_normalized,val_mean_boundary_chamfer_normalized,val_mean_boundary_hausdorff_normalized,val_mean_polygon_count_abs_diff,val_mean_latent_optimization_time_seconds,train_time_seconds,validation_time_seconds,epoch_compute_time_seconds,epoch_time_seconds,cumulative_compute_time_seconds,decoder_learning_rate,latent_learning_rate_current,validation_selection_score,no_improve_count,learning_rate_after_scheduler
1,0.3622763292553524,0.19327586099194985,0.17109836752836902,0.5291788200537364,0.49377472875639794,0.08512573015019977,9.841707545395668e-05,0.12615826626618704,0.060395821432272595,0.05211284998804331,0.2447050134340922,0.09561429489403964,0.031671925882498425,0.3456013150047511,0.0,0.0,1.0,1.0,1.0,1.0,1.0305555555555554,1.40135571333376,40.22790590004297,174.5364785999991,214.76438450004207,214.76438450004207,214.76438450004207,5e-05,0.005,3.0,0,5e-05
2,0.09218301400542259,0.052601975357780856,0.018459002064385763,0.16856933310627936,0.03328141225501895,0.010219864353227118,0.0030717362266538353,0.07978485518445572,0.045551417488604785,0.013484203388604026,0.14739820963392655,0.03226793926830093,0.008433442702516914,0.2188513302244246,0.0,0.0,1.0,1.0,1.0,1.0,1.0305555555555554,1.6407395625006758,40.40924970002379,203.59045369998785,243.99970340001164,243.99970340001164,458.7640879000537,5e-05,0.005,3.0,1,5e-05
3,0.07315519034552077,0.04057072713039815,0.012357443963022281,0.14030922303597132,0.03314976734885325,0.007855784369166941,0.008516888390780271,0.06819872008636593,0.036174194111178316,0.010736690578050911,0.1396220448737343,0.03198335956161221,0.006673023721668869,0.19958790261686468,0.0005552517170159892,0.0011041851828204412,0.9993825905004139,0.7677760874695833,0.8525867646677316,0.894424645285979,1.025,1.5840705733343687,37.78248980001081,196.4833384999656,234.26582829997642,234.26582829997642,693.0299162000301,5e-05,0.005,2.7464561582366946,0,5e-05
4,0.058150098736708365,0.027595134646010894,0.008229846489848569,0.13579646662498515,0.02742728708156695,0.007542765175458044,0.011984383815918894,0.051286687484631936,0.021054960849384467,0.006711531698238104,0.13496406922737758,0.026241693909590445,0.011248343678501745,0.22104110229605187,0.2513809212277268,0.3258128797909832,0.6663165433588755,0.29838613221809723,0.33278817417068335,0.39992800859190386,1.9472222222222222,1.7083139408345838,37.22698330000276,213.7420460000285,250.96902930003125,250.96902930003125,943.9989455000614,5e-05,0.005,1.4813352615348605,0,5e-05
5,0.045607928683360416,0.017106311259946477,0.005631656186111892,0.1267632693052292,0.026231587841175498,0.01418578155959646,0.017632986267562954,0.040961878622571626,0.01355274444601188,0.0050148276301721735,0.121006037419041,0.0278411069419235,0.015740302034343283,0.2589005639078096,0.4087688284644238,0.5010434937234642,0.45981377033848964,0.213620392472545,0.2682396008881253,0.31497949934166247,0.7027777777777777,1.500154552499589,37.00066269998206,187.95857519999845,224.9592378999805,224.9592378999805,1168.958183400042,5e-05,0.005,1.174450271765364,0,5e-05
6,0.036482019311127566,0.01189257662044838,0.004052277686423622,0.10888928767914573,0.02650135427247733,0.013463065167889,0.02908206221181899,0.031718527028958006,0.009790971390126893,0.0031292913772631437,0.09763010293245315,0.024626575720806915,0.010508229668873052,0.18936477911969027,0.4916576253237127,0.6079002651285533,0.384453479114143,0.03718713101593131,0.02037649308197324,0.07049148930241443,0.8833333333333333,1.5895983966678613,37.468233600026,199.04497200000333,236.51320560002932,236.51320560002932,1405.4713890000712,5e-05,0.005,0.5992103570606749,0,5e-05
7,0.028345799872962138,0.009017221643201385,0.0022469336957631945,0.08716560366253058,0.020282913003272066,0.008543808160660167,0.04734303553511078,0.02544105703321596,0.0078085945026638605,0.0016393537380887816,0.08006429703285296,0.01730617485785236,0.00821853515614445,0.1549667664648344,0.6736952970208231,0.7978255480375257,0.19580229965589346,0.019929833366960407,0.011176200990908594,0.04231114747041878,0.13333333333333333,1.5145343724963216,36.90206210000906,189.953204200021,226.85526630003005,226.85526630003005,1632.3266553001013,5e-05,0.005,0.37979205144050426,0,5e-05
8,0.02386749702660988,0.007440950676876431,0.001382495574944187,0.07473398509124915,0.016161264735274017,0.007772746604556838,0.06549601755104958,0.022309161256998777,0.006764929223572835,0.0011720784173424666,0.07063256117204825,0.01590301947823415,0.007499436754733324,0.13181117296917363,0.7065505258144678,0.8218019134250202,0.19311374487927796,0.017379779235617503,0.010189428367715532,0.03872506297682522,0.05277777777777777,1.500496459165394,37.41210590000264,187.90970690001268,225.32181280001532,225.32181280001532,1857.6484681001166,5e-05,0.005,0.342363965530073,0,5e-05
9,0.021382008430858454,0.006566415372071787,0.0010337199382774998,0.06735501349903643,0.015553571093672265,0.007048199038642148,0.07757704481482505,0.020219402147146563,0.005956013671432932,0.0008929139929629552,0.06476948459943135,0.015449358072752753,0.006930212067284932,0.1193000717399021,0.719694403512024,0.8307728113131806,0.1898644603162875,0.01654587407972992,0.009638281314887191,0.03697424065502824,0.04444444444444444,1.795285935832362,37.28874270000961,223.9893172000302,261.2780599000398,261.2780599000398,2118.9265280001564,5e-05,0.005,0.3269181184578915,0,5e-05
10,0.01953811466228217,0.005931391175060223,0.0008075712319017233,0.061828471006204686,0.015197861710718522,0.006219657722006862,0.08638851922005415,0.0186898534030964,0.00551923835494866,0.0006983969848079141,0.05994316739961505,0.014937456945578258,0.0056679770583286885,0.12030337927863002,0.7224958061062282,0.8327504859908227,0.18558492044107996,0.016761301104350427,0.009471625607497399,0.036308877825993346,0.058333333333333334,1.8017164483317174,36.6471092000138,224.56659359997138,261.2137027999852,261.2137027999852,2380.1402308001416,5e-05,0.005,0.3232846973272625,0,5e-05
11,0.018229198618792,0.005566620187407049,0.0006619654704991262,0.0576176084112376,0.014662542562776555,0.0052845855224101495,0.09307038895009706,0.017324182849066953,0.005161678853134314,0.0005686145574145485,0.05541427362089356,0.013869959271202485,0.005196414012849952,0.1260745198621104,0.7273966174773643,0.8357356171358176,0.18683917170981193,0.01671153378949169,0.009222274389081079,0.03535852284762993,0.06388888888888888,1.8119135533294564,36.40074800001457,225.80612700001802,262.2068750000326,262.2068750000326,2642.347105800174,5e-05,0.005,0.3171841797593467,0,5e-05
12,0.01704927618460109,0.0052488724264549095,0.0005540906804526458,0.05378254307433963,0.013997969962656499,0.004467616061447188,0.09797365661555281,0.01639063816983253,0.004987820332947497,0.0005525109071944219,0.051692721402893466,0.014658152498304844,0.004074404949399953,0.17143436726958802,0.7339704108385985,0.8402848154482053,0.18684363761503942,0.015511550399333437,0.00889218949116687,0.033300684603010916,0.058333333333333334,1.7935257783343939,36.43855959997745,223.6562047000043,260.09476429998176,260.09476429998176,2902.441870100156,5e-05,0.005,0.3082224632555793,0,5e-05
13,0.01609712204663083,0.005035158610553481,0.0004972866605385207,0.050580617832019927,0.013067077142962565,0.0036518767117134604,0.10434746936274071,0.015156491209442418,0.004676976949364568,0.00047696487793776515,0.04796762686843673,0.01249101092883696,0.003035695833386853,0.14260591150571902,0.7347582531988858,0.8407750479657177,0.17580269363186296,0.015314425534787785,0.008801576331533445,0.032938095400639175,0.047222222222222214,1.7934404024999822,36.329541499959305,223.54217570001492,259.8717171999742,259.8717171999742,3162.31358730013,5e-05,0.005,0.30698141853328687,0,5e-05
14,0.015151181506613891,0.004823376380954869,0.00045215645574595936,0.047426226533328494,0.011938292009290308,0.0028826668945839628,0.11080385751556605,0.014284943447758753,0.0044717860873788595,0.00043035503340433935,0.04497585091739893,0.011541511258110404,0.002785261757283782,0.15577431014583756,0.7360907104811977,0.8416144666735191,0.17562028100631005,0.014981062312583318,0.008746324476582341,0.032768453274394455,0.07777777777777778,1.7830694341677977,36.488481600012165,222.34119720000308,258.82967880001524,258.82967880001524,3421.1432661001454,5e-05,0.005,0.3054240672697791,0,5e-05
15,0.014429946666738639,0.004654565286667397,0.00044723794186817635,0.044978870932633676,0.011249217429819207,0.0023182921829478192,0.117840315727517,0.013486558408476412,0.004220150935968074,0.0004603249801827284,0.04237160310149193,0.01156661775506412,0.0020997963622600463,0.16701164118324716,0.7402131758098046,0.8446066203401688,0.1630855186538369,0.014411520573094926,0.008599479973079931,0.03186141724035013,0.05,1.8085285408364142,36.87306429998716,225.30179789999966,262.1748621999868,262.1748621999868,3683.3181283001322,5e-05,0.005,0.30024772140362543,0,5e-05
16,0.013812364389499029,0.0044968008490589755,0.0004392190010548802,0.04287457599615057,0.01091865151732539,0.0018840088096718924,0.12671373058110474,0.0129129120381549,0.004111423314316198,0.00046631778010729853,0.0402678053205212,0.011187416206424435,0.001569337449230564,0.16826184089295565,0.7413924102132785,0.8457062134423976,0.14221215007793525,0.014138817832120598,0.00842962552248206,0.03178789474486246,0.058333333333333334,1.7813710758336432,36.61812050000299,222.0560532999807,258.6741737999837,258.6741737999837,3941.992302100116,5e-05,0.005,0.29882511005406603,0,5e-05
17,0.013207658104753743,0.004265812657346639,0.00045132592707280614,0.04111121975195905,0.010719059333981325,0.0015931763463110352,0.13724351848165195,0.012421231810003519,0.003845810374089827,0.0004950693892169511,0.039027544250711796,0.011451660422608256,0.0016238335607340558,0.1712394529643158,0.751103574612259,0.8522001934853383,0.1298261963897013,0.01370770345120309,0.008072622115206547,0.03111179708790178,0.08055555555555556,1.7849480475012873,36.447795399988536,222.49979229999008,258.9475876999786,258.9475876999786,4200.9398898000945,5e-05,0.005,0.28808084459084937,0,5e-05
18,0.012637789446550111,0.004039183044612097,0.00047109773937942614,0.03943041541303197,0.010587591276271268,0.0014801102292646344,0.1491860649548471,0.011880085058510303,0.0036111015845866254,0.000508697256797556,0.037504452265178165,0.011302174239729842,0.0016638564188421394,0.1805188855001082,0.759600844436342,0.8586532806999643,0.10695216392052743,0.013629785258551222,0.007786033223650122,0.0312307945438904,0.075,1.8018053541672998,36.24391540000215,224.47389640001347,260.7178118000156,260.7178118000156,4461.65770160011,5e-05,0.005,0.2794159833311985,0,5e-05
19,0.012108135681288937,0.0038189832334561895,0.0004718042609359448,0.03790319367156674,0.010491725138854236,0.0014691466402534084,0.16109200598051152,0.011392376851290464,0.0034316305342751243,0.0005519784812956156,0.03592372963515421,0.011307977407705038,0.0016436568519566208,0.1802294444758445,0.7667033114083458,0.8634511983102794,0.08926206768287362,0.01270620970916121,0.007414276609313043,0.029681466799831604,0.08055555555555555,1.809191257497878,36.51195640000515,225.4120662000496,261.92402260005474,261.92402260005474,4723.581724200165,5e-05,0.005,0.2703924320007989,0,5e-05
20,0.01167313129796336,0.0036309347284259274,0.0004897937730371874,0.036700746448089676,0.010233448771759867,0.001502301810736147,0.17300865783666572,0.010869646701030434,0.003214527066059721,0.0005728093802948327,0.03448538556694984,0.011051612921680014,0.001447604922092675,0.18519672402956833,0.7734582003748418,0.8677559559591775,0.0644503941371964,0.012318099543605169,0.007093374312418856,0.03019729557380013,0.05555555555555555,1.7905853683371484,36.46556179999607,223.14048260002164,259.6060444000177,259.6060444000177,4983.187768600183,5e-05,0.005,0.2638324695113772,0,5e-05
21,0.011208511105117698,0.003442798491839009,0.00048585451804683544,0.035395837078491844,0.009911888989154249,0.0015078172965634926,0.18388855351756017,0.01053574048758795,0.0031251907106100893,0.0005506672006352649,0.03339660232886672,0.01043305016355589,0.001605049530917313,0.19190806094557047,0.7778994264784156,0.8707457436527289,0.05854145178418272,0.012036759387568522,0.006965965061634608,0.02973436920944455,0.07222222222222222,1.7971536308386324,36.86601459997473,223.94092959997943,260.80694419995416,260.80694419995416,5243.994712800137,5e-05,0.005,0.25880090779266357,0,5e-05
22,0.010861720468771334,0.003304530826668876,0.00048179034838540246,0.03445685969199985,0.009521636496841287,0.0014774759913658878,0.1950391604565084,0.01021237017897268,0.0030078744690399616,0.0005136155216556896,0.03257329021580517,0.009926745722380777,0.001416374766267836,0.199584557969744,0.7795063557762426,0.8710201744224862,0.050052622985048374,0.012064635430907128,0.00691559805203598,0.030241344737879754,0.06944444444444443,1.8160966824987554,37.43649599998025,226.1339050999959,263.57040109997615,263.57040109997615,5507.565113900113,5e-05,0.005,0.2576505870136731,0,5e-05
23,0.010539681025935959,0.003185362870378109,0.00047883537323893205,0.03354498016803215,0.009171467565465719,0.0014096468085578332,0.20499225466822585,0.009929529204964638,0.0029323607867506023,0.0004986646882268057,0.031675417954102156,0.009535560916022708,0.0012964852852746845,0.20749462423846127,0.7776004107621578,0.869524746548112,0.05475027210682355,0.012507289950999723,0.006999925473853737,0.031193779783950347,0.05,1.800567933334969,36.670804299996234,224.27321740001207,260.9440217000083,260.9440217000083,5768.509135600121,5e-05,0.005,0.2605932944956463,1,5e-05
24,0.010310524302379538,0.003090008400613442,0.0004603616411259281,0.03298847907378028,0.008869549630132194,0.0013183560797187966,0.21352378344163297,0.009758324719344576,0.00284671033344542,0.0004254435172091083,0.03148841145448387,0.008882017513193811,0.0012746930122375488,0.21007738566646975,0.7787839792199216,0.8696020204410744,0.05595428000609829,0.012243330141252201,0.007032028992696933,0.031039005104861066,0.0611111111111111,1.8157010033309537,36.37752039998304,226.05052109999815,262.4280414999812,262.4280414999812,6030.937177100102,5e-05,0.005,0.2592870548776364,2,5e-05
25,0.0100544527968547,0.0030004820354709713,0.0004545997673024734,0.03225980115433534,0.008519396748548994,0.00125891420757398,0.22174921301193534,0.009586204180959613,0.0027741984347812833,0.00044367634363879916,0.031246924695248406,0.007893396597743655,0.0011664128939931591,0.20895030573010445,0.7816284644366657,0.8717240202528289,0.04893324216456639,0.011949635896156025,0.006970781968974635,0.03100706809991136,0.05277777777777777,1.808777667497634,37.14049930003239,225.2064935999806,262.346992900013,262.346992900013,6293.284170000115,5e-05,0.005,0.2563493856322203,0,5e-05
26,0.00992692691506818,0.0029363824607571585,0.0004387558090456878,0.032035053606765965,0.008246772406467547,0.0012131773709067298,0.22784998882561922,0.009371897318245222,0.002705917649048691,0.0004327854989242041,0.03030428886413574,0.00862016988103278,0.0013051008247809174,0.2230112476895253,0.7863327754082154,0.8752420697815609,0.051834555750819265,0.011904015447838732,0.006866803878127636,0.02987695487725983,0.05,1.8157538950050367,36.37523730000248,226.04244729998754,262.41768459999,262.41768459999,6555.701854600105,5e-05,0.005,0.25041098334717204,0,5e-05
27,0.009775502684836587,0.0028790149978400827,0.0004450935131292984,0.03159243006569644,0.008118292295451586,0.0011919601294115032,0.23470269589064022,0.009359874661701422,0.0026779218285810204,0.0004503371455333157,0.03056285617252191,0.008002376178046689,0.0011506982395076194,0.216603383103696,0.7831334317882309,0.8728280616152996,0.051380480536244034,0.012197239083105833,0.006958887155599743,0.030998582479532452,0.07222222222222222,1.7899322158346573,36.874792099988554,222.97587590001058,259.85066799999913,259.85066799999913,6815.552522600105,5e-05,0.005,0.2548240378469013,1,5e-05
28,0.009636387801341092,0.0028175586184564358,0.00043046433086904774,0.03127298858016729,0.007927542496084546,0.001156323180475738,0.23945206987361115,0.009160999565695722,0.0026120173424715176,0.0004028794959594961,0.029910833357522884,0.008153903237932051,0.0011308770777153161,0.2200051555565248,0.7876317334942493,0.8762433971210106,0.04304405146337303,0.011892933152752765,0.006800114333441308,0.02998028086544464,0.05,1.7941981358322665,36.198688000033144,223.43276649998734,259.6314545000205,259.6314545000205,7075.183977100125,5e-05,0.005,0.24914866170463665,0,5e-05
29,0.009577541402541101,0.00278639530830939,0.00042786786919653724,0.031155035947449505,0.007851952409449343,0.0011522337268009626,0.24355960416918,0.009115236543584615,0.0026063765447664386,0.0004206526470928414,0.029824712205057342,0.007666022020081679,0.0010862925943608086,0.22171230607200415,0.786419445793448,0.8752083464686111,0.045559970609453576,0.012074772575230049,0.006819694999646673,0.02997157814855152,0.075,1.803946976667794,36.11472740001045,224.60134220001055,260.716069600021,260.716069600021,7335.900046700146,5e-05,0.005,0.25037182735475016,1,5e-05
30,0.009515479651357357,0.002749016690844049,0.0004432176730915671,0.03103146469220519,0.007802459426845113,0.0011342544176538164,0.2469068206846714,0.00910728369684269,0.002619401508127339,0.00041074913618407055,0.029717783024534584,0.007706018160873403,0.0010919707444069597,0.22276193186019858,0.7854088701396547,0.8749875199405418,0.04951676658608252,0.011844341739065019,0.006867629863979291,0.029798326909375183,0.047222222222222214,1.7982403341690467,36.239147300017066,223.86569509998662,260.1048424000037,260.1048424000037,7596.00488910015,5e-05,0.005,0.25125708663369983,2,5e-05
31,0.009461348509648814,0.0027105762012070043,0.0004157080178022928,0.03100527428711454,0.007707127781274418,0.0011239152421088268,0.25023612041647236,0.00891414168678845,0.002492858302624275,0.00042007581372066247,0.029307325681050617,0.007958519291908791,0.0010986739852038832,0.22943342186821003,0.7910549309554818,0.8789682434280424,0.04349279178820818,0.011655467775945972,0.006704298488808471,0.02901359442231292,0.05555555555555555,1.792704501665139,36.26581139996415,223.28014819999225,259.5459595999564,259.5459595999564,7855.550848700106,5e-05,0.005,0.24466296195563955,0,5e-05
32,0.009324878134066239,0.0026735448026253533,0.0004265728618823535,0.030541823796617486,0.007536191949232792,0.001108213308179984,0.2543357596732676,0.00891644141714399,0.0025083579084215065,0.00041299145984036536,0.029177389542261758,0.00817226292953516,0.0011508849682286381,0.23849795730784534,0.7889762979618936,0.8777326941051735,0.04446958481766026,0.011674584906281356,0.006757114759427801,0.028986458942201105,0.05277777777777778,1.8118348466654424,36.22681249998277,225.49184219999006,261.71865469997283,261.71865469997283,8117.269503400079,5e-05,0.005,0.24676727573973528,1,5e-05
33,0.009294458020788928,0.0026468333172185035,0.00041620693470273786,0.030528557502354184,0.007562609950158125,0.001097169204876991,0.2568285434196393,0.008867532154545188,0.0024410447978880255,0.0004021925321770444,0.02937984885647893,0.007878236299923931,0.0010605966745060869,0.2313734608857582,0.7919111465434038,0.8794102924215934,0.03618652446426213,0.011723385921338914,0.006653470679153993,0.029213925132390666,0.047222222222222214,1.8258303308321047,36.239340600033756,227.16865529998904,263.4079959000228,263.4079959000228,8380.677499300102,5e-05,0.005,0.24395624926814088,0,5e-05
34,0.009243943185235063,0.002605681087394866,0.00042200097359454956,0.030493535675729315,0.007486327013854558,0.0010961968158274733,0.26028519170358777,0.009070362818116942,0.002598424675913217,0.00041439112840938226,0.029575961797187727,0.007825380542393153,0.0011767585019697435,0.23760529778276882,0.7900651787049637,0.8782014840932192,0.03850089061291097,0.012325248619671653,0.006689106196281563,0.02912888547639462,0.05277777777777778,1.8024082033346833,36.565671999996994,224.36176929995418,260.92744129995117,260.92744129995117,8641.604940600053,5e-05,0.005,0.24575281296771245,1,5e-05
35,0.00915126436157152,0.002573547540426565,0.00041353195659515527,0.030210991289156178,0.007447912615801518,0.0010808164452707084,0.26375663888951145,0.008749768669561793,0.0023780409110865245,0.0004043822120972133,0.02913480397934715,0.0077592525786409775,0.0010389056056737899,0.2398244458095481,0.7924356573942456,0.8798537364502282,0.03601806087862614,0.011762462226661162,0.006631769500090247,0.028634993302919638,0.05277777777777778,1.8195714991690086,36.07519719999982,226.44767299998784,262.52287019998766,262.52287019998766,8904.12781080004,5e-05,0.005,0.2428311054087643,0,5e-05
36,0.009113000236296406,0.0025490752756013534,0.0004129229754350187,0.030150153355983398,0.007417078552922855,0.0010768946345100024,0.2661090903605024,0.00863391205202788,0.002357049881053778,0.00039879444066173166,0.028768365954359373,0.0073728027501298735,0.001014860480305894,0.24046881056080263,0.7908850173883868,0.878792394791296,0.04205774329690374,0.012164601875647973,0.006684605500520108,0.029834058374608275,0.05277777777777778,1.800360240000494,35.920571900031064,224.1111804000102,260.03175230004126,260.03175230004126,9164.159563100082,5e-05,0.005,0.24563364648674157,1,5e-05
37,0.009052701259497553,0.002522445741245368,0.0004214506279216342,0.029989383618036904,0.007328921469161287,0.0010953124966666414,0.2687694424452881,0.008708444066966574,0.0024394837421520305,0.00039075519734979027,0.028780885459855198,0.007145033741835505,0.0010619863043151176,0.24281172817572952,0.789938547501743,0.8783842813326693,0.04279917577464331,0.011855856986748474,0.006660642621686017,0.028957119734357842,0.047222222222222214,1.7920051058356572,36.815423299965914,223.1417730000103,259.9571962999762,259.9571962999762,9424.116759400058,5e-05,0.005,0.2456792148543009,2,5e-05
38,0.00903695401114722,0.002508999526617117,0.0004150337616010802,0.02998199765570462,0.007353961322223768,0.001072774202960621,0.27211326189960044,0.008642356183069447,0.002328058157581836,0.0004151350793108577,0.02890912932343781,0.0073656444321386514,0.0011202279492863454,0.25151485737102725,0.7930588067130614,0.880542871242545,0.03844626402710712,0.011918038257700657,0.006544239030287015,0.0278450536385783,0.047222222222222214,1.8070122033343068,36.19589159998577,224.87207390001277,261.06796549999854,261.06796549999854,9685.184724900057,5e-05,0.005,0.24133048595580392,0,5e-05
39,0.008957351897455132,0.0024843600103243565,0.0004066977257025428,0.029741880972869693,0.007230087976980334,0.0010857149980438407,0.27485922472551466,0.008568208303768188,0.002302684915290835,0.00040157313081484367,0.02869832405510048,0.007351656456012279,0.001064472544627885,0.24737496091984212,0.792036194514949,0.8794357445335766,0.04166622328705887,0.012134733419222438,0.006620538789064593,0.028672304513987123,0.05833333333333333,2.01730013750154,36.1966707999818,252.0801547000301,288.2768255000119,288.2768255000119,9973.461550400069,5e-05,0.005,0.24325664878810271,1,5e-05
40,0.008943520515458658,0.0024588698982067098,0.0004134219886206362,0.029786810674704612,0.007254716814107572,0.001082196706799247,0.277583371506383,0.00846079650024573,0.002271950012072921,0.0004172313053762385,0.02833757131981353,0.007221571305611481,0.0010434062268662577,0.24636952785464625,0.7923166538944091,0.8797221349305737,0.04085681292551394,0.01203592816735231,0.006634551402003029,0.02913908907110014,0.044444444444444446,1.9860967175035815,53.0934522000025,249.2567775999778,302.3502297999803,302.3502297999803,10275.811780200049,5e-05,0.005,0.24345698657869408,2,5e-05
41,0.00891797795969372,0.002449110065451047,0.00041648519393978255,0.029707575961947442,0.007233957226465766,0.0010847103980874333,0.28122119884938,0.008479693815267334,0.002250873663191063,0.000409416318507283,0.02850729174291094,0.007302415679441765,0.0010915893901255914,0.25778219757291176,0.7951736767538281,0.8816305000377227,0.036218912913668494,0.011917692756168918,0.006504348440322468,0.028019934866876407,0.058333333333333334,1.9983027433389604,52.605880599992815,249.82992759998888,302.4358081999817,302.4358081999817,10578.24758840003,5e-05,0.005,0.23935060655337076,0,5e-05
42,0.008870558873362218,0.0024261211408884266,0.00041084236133125763,0.029594128276221453,0.007214241622326274,0.0010884132199862507,0.28310754566142954,0.00840341962951546,0.0022046278298754867,0.00039513244100817244,0.0283955218270421,0.00726430249439242,0.0010368581279180944,0.25602874196289727,0.7961435072395846,0.8823295598428605,0.03605465901765551,0.01170786287391971,0.00644026898008553,0.027890922079422772,0.047222222222222214,1.9172607808364168,46.85201510001207,240.03229980001925,286.8843149000313,286.8843149000313,10865.131903300062,5e-05,0.005,0.2381876838199237,0,5e-05
43,0.008876942860661074,0.00242209172671816,0.0004168142303872931,0.029639390615435936,0.007214592358407875,0.001084153165963168,0.2867276594974101,0.008431286267781009,0.002239725469068314,0.00039002239236651803,0.028359277453273535,0.0072275666481194396,0.0010872689614188857,0.259590296788762,0.7941378164536937,0.8811135162384214,0.03746973415087983,0.011846816450984402,0.0065016510484202875,0.02818529119643892,0.05555555555555555,2.015994729165686,45.83820190001279,252.21454509999603,298.0527470000088,298.0527470000088,11163.18465030007,5e-05,0.005,0.24054912579116547,1,5e-05
44,0.008850520661023134,0.002410969122623404,0.0004157330110804954,0.02956436205810557,0.0072095319124249125,0.0010825935016328004,0.2892616972948114,0.008343071319783728,0.0022182228688810333,0.00041568415120612676,0.02801613388583064,0.007264441049968203,0.0009797298116609454,0.26276218506197135,0.795105050015876,0.8816270693958453,0.04006846091650106,0.01184603140650339,0.0065034002821168745,0.028563891836558143,0.04444444444444444,1.964841514164194,44.871207499993034,245.26161260000663,290.13282009999966,290.13282009999966,11453.31747040007,5e-05,0.005,0.23996224210279907,2,5e-05
45,0.008782138840372985,0.002382802081410773,0.00040911923357877335,0.029388508185123403,0.007134352228604257,0.0010788832893013022,0.2914939613081515,0.00841545669051508,0.002232797095105828,0.00041362854547818034,0.028292383269096413,0.007301030688298246,0.0010035434446763248,0.26228451882489023,0.7948757872010568,0.8814134338326105,0.04159862142103198,0.011949104511706221,0.006474080940823593,0.0281910666939698,0.047222222222222214,1.6672913983338125,43.359260400000494,208.67701449996093,252.03627489996143,252.03627489996143,11705.353745300032,5e-05,0.005,0.2397893604337366,3,5e-05
46,0.008730466269965594,0.0023659527932371324,0.00040762099361018044,0.029209588010174533,0.007154188939603045,0.0010763799189589917,0.2954322389016549,0.00834354836648951,0.002201618985660995,0.000388620581967795,0.028084351681172848,0.0072996455089499555,0.0010987906154089919,0.2741309016166876,0.7954576688614007,0.8819040991453323,0.03892091846104241,0.0119804813461751,0.006479561741059116,0.02826540107239556,0.058333333333333334,1.5006909208362533,41.16938500001561,188.32262649998302,229.49201149999863,229.49201149999863,11934.84575680003,5e-05,0.005,0.239287293952054,4,5e-05
47,0.00873795059742406,0.0023604188643124263,0.0004103325520797322,0.0292666286850969,0.007162311494660874,0.0010844827998274316,0.2979967494029552,0.008266304879604528,0.0021649157284021688,0.00036928504796378546,0.028004102610672512,0.006857356642528126,0.0011434618534015802,0.26670550121925773,0.79563897508981,0.8820793628447677,0.03762473825783658,0.011923123810097058,0.0064889831893123456,0.028094269453841258,0.0611111111111111,1.5404192141630726,42.490389699989464,193.27601289999438,235.76640259998385,235.76640259998385,12170.612159400014,5e-05,0.005,0.23894427755334363,5,5e-05
48,0.008728809897244597,0.002346787549322471,0.0004063792115024019,0.029295315290801226,0.007147997910700117,0.0010846305645827669,0.30051913792267443,0.008367068402003497,0.002169173173024319,0.0004046591663306269,0.02838916842204829,0.0071702614387807746,0.001070269638148602,0.2710300855338573,0.7981762672871698,0.8836705930646378,0.034502980945452545,0.011632852881907166,0.006360357754537046,0.027841255900206696,0.05,1.542356970833013,41.83868679997977,193.44824380002683,235.2869306000066,235.2869306000066,12405.89909000002,5e-05,0.005,0.2360253463675739,0,5e-05
49,0.008709956175880506,0.002341020181484055,0.00040902360439455757,0.029227142237747708,0.0071476457174867395,0.0010800959920743481,0.3031558247283101,0.008312204584944994,0.0021683971213254456,0.00041146739240502936,0.028071157805000743,0.007290016941260547,0.001104181529080961,0.27572487856571876,0.7963190348387923,0.8823918834559712,0.03686577174751606,0.011970066293028141,0.00642885784066972,0.027900001227673814,0.047222222222222214,1.5507760558350128,41.500482800009195,194.5264404999907,236.0269232999999,236.0269232999999,12641.92601330002,5e-05,0.005,0.23800982422955125,1,5e-05
50,0.008669520675903186,0.0023238776193466038,0.0004126586057585276,0.02911660387956848,0.0071144043506744005,0.0010695363016566262,0.30593392038717865,0.008264808543026447,0.0021444904142602656,0.00039082881861152906,0.028045272066568334,0.007071288089112689,0.001043851801174848,0.2734090977814049,0.7974191027132714,0.883113461560112,0.03714566386049854,0.011563023014602486,0.006355736994678721,0.02730441620151511,0.05833333333333333,1.5477570008326438,42.261974600027315,194.14311720000114,236.40509180002846,236.40509180002846,12878.33110510005,5e-05,0.005,0.2362410504829224,2,5e-05
51,0.008635417969586948,0.0023104323146981185,0.00040717023966863053,0.029017173560957114,0.0070983422609666984,0.0010852941265814783,0.30934960025673114,0.008249830159669121,0.00213880427084708,0.00038996508619675295,0.02796562626026571,0.007181822267981867,0.0010540211568392502,0.28115355148911475,0.7977159380319762,0.8834214739736694,0.03910358561972839,0.011293404396450376,0.006343896287595001,0.027000443683599436,0.05277777777777778,1.5402910008337736,42.520513899973594,193.2589027999784,235.77941669995198,235.77941669995198,13114.110521800001,5e-05,0.005,0.23562840193921827,0,5e-05
52,0.008583832091729467,0.0022985987035402406,0.00040538710254622856,0.028832417369509738,0.007055806461721659,0.0010755117077981898,0.31106514101848004,0.008262020640540869,0.0021742501732660456,0.00037873180557047213,0.027918487181887032,0.0069480839922713734,0.0010568312034592963,0.28080810108222065,0.7985129675184814,0.8838520924989233,0.035633866766775255,0.011696867090244959,0.006352091618353526,0.027299304099770095,0.047222222222222214,1.7354693966670312,41.34370620001573,217.0873397999676,258.4310459999833,258.4310459999833,13372.541567799984,5e-05,0.005,0.23513842819964217,0,5e-05
53,0.008579323299151535,0.0022924737558544924,0.0004037307503798123,0.028847203155358634,0.007017931893157462,0.0010864621886867098,0.3144298508142432,0.008170097138887892,0.0021207431573808814,0.00039245022241326903,0.027677349001169204,0.007018590128670136,0.0011229276186592565,0.2831820913745711,0.7982267131555975,0.883660629305956,0.03634707320494561,0.011484165802935108,0.00633470567016756,0.02710676669686433,0.05,1.5066695591653114,44.55705860001035,189.1850157000008,233.74207430001115,233.74207430001115,13606.283642099996,5e-05,0.005,0.23521475921143442,1,5e-05
54,0.008588154495616134,0.002292898140149191,0.0004053974465932697,0.02887868630544593,0.007051763330431034,0.001082824841675271,0.317100726471593,0.00815344920847565,0.002124255360104144,0.00037525026352038063,0.027647718973457813,0.00683580971090123,0.0010822080303720819,0.2869903520370523,0.7972583849523398,0.8830958647045696,0.040513485397118666,0.011494446448968975,0.006356656277994254,0.027431644937017916,0.047222222222222214,1.5383684574980483,42.16482000000542,192.89698700001463,235.06180700002005,235.06180700002005,13841.345449100016,5e-05,0.005,0.23652991626267236,2,5e-05
55,0.008557680464582518,0.002279606621110967,0.0004102870702505849,0.02879882373381406,0.0069946356525179,0.0010916285204681723,0.319383441687872,0.008153070490031193,0.0021132424493165067,0.00039891174449924925,0.027588135950888198,0.007187142064018796,0.0010893909517714444,0.2859167350300898,0.7971865741920117,0.8828114526356242,0.036685750227620696,0.011780079825909192,0.006360852297224444,0.027274190753741653,0.058333333333333334,1.5437002224983492,42.53590680001071,193.65406520001125,236.18997200002195,236.18997200002195,14077.535421100038,5e-05,0.005,0.23644846885895443,3,5e-05
56,0.008570737723493949,0.002276417607208714,0.0004097711973978827,0.028868021443486214,0.0070363757530382525,0.0010920775023502453,0.3233875898333887,0.008130765446306516,0.002112123181965823,0.0003847195490986148,0.027522696911667786,0.007062887687546511,0.0010933494214744619,0.2934704994938026,0.7963373728796946,0.8824275033273608,0.04630411030277696,0.01131269374092789,0.006322894061147318,0.026855132428115932,0.058333333333333334,1.5329888224994648,42.283387700037565,192.26996160001727,234.55334930005483,234.55334930005483,14312.088770400092,5e-05,0.005,0.2368406536095686,4,5e-05
57,0.008504846517462283,0.002255599168226278,0.00040728284511715174,0.028644249060501656,0.00704881773951153,0.0010768661416174533,0.3265667598384122,0.008091512291381756,0.0020849426335189493,0.000378656974559514,0.02753859874792397,0.006815435267829646,0.0010567060181832252,0.29511239427762725,0.7972928130437211,0.8830795505962012,0.0399549739896198,0.011439157906913404,0.006373948561943636,0.027696988306059444,0.047222222222222214,1.5458768574996309,42.04660190001596,193.83056720002787,235.87716910004383,235.87716910004383,14547.965939500136,5e-05,0.005,0.23677812382428196,5,5e-05
58,0.00848425828347293,0.0022455790705862453,0.0004080870507095824,0.028606198937632145,0.00697717733370761,0.0010807502925066121,0.3292550925165415,0.008187035358666132,0.0020921511177827293,0.0003843756799142284,0.027938132841760912,0.006898969753334919,0.0011256448706262745,0.29151703806128354,0.798047849367606,0.8837805040240345,0.036511749287888674,0.011130804399819085,0.006312616943148737,0.026544707893554904,0.041666666666666664,1.5229238691642726,42.087724299984984,190.9961084999959,233.08383279998088,233.08383279998088,14781.049772300117,5e-05,0.005,0.23480947546909767,0,5e-05
59,0.008495200355537236,0.0022426765819545834,0.00040171777297170287,0.028679014253430068,0.006975673661023999,0.0010888187161375148,0.33152705303703744,0.008124367423200359,0.00211278900145165,0.000396867623264067,0.027527011822288235,0.006911427100809912,0.0010246986164323365,0.29996152585372327,0.7986077789180472,0.8838668227232823,0.03871996795750327,0.011099396247173593,0.006305508235981126,0.027160056480649772,0.05,1.55739990833196,41.57550369994715,195.40740770002594,236.9829113999731,236.9829113999731,15018.03268370009,5e-05,0.005,0.23485778579858366,1,5e-05
60,0.008486913084440554,0.0022375743525723615,0.0004048834168012642,0.02865764790525039,0.006991389545146376,0.0010776688301120884,0.3337948383142551,0.008073748962488025,0.002063005304080434,0.0004002926948487584,0.027460974485923845,0.007152115697196374,0.0010122986791733031,0.3026938004108767,0.800565327331809,0.8852337058331635,0.03498215386626725,0.010731225429809721,0.006156119816203409,0.025680987313543797,0.047222222222222214,1.580555896666677,41.25290780002251,198.0603707000264,239.3132785000489,239.3132785000489,15257.34596220014,5e-05,0.005,0.23127177979793825,0,5e-05
61,0.008477125373125697,0.002227599536612009,0.00039966384022894396,0.02866568312359353,0.0069776509636236975,0.0010785178458415127,0.33647907050326464,0.007979023825222005,0.0020295313923270443,0.0003731208521154864,0.02719119017322858,0.007042493822518736,0.001072464777098503,0.30882228570990267,0.7997903551774835,0.8847651506038322,0.03486659178367795,0.011032392909160083,0.006245759903611997,0.02644361577980569,0.047222222222222214,1.6025774200015197,41.08346059999894,200.80607669998426,241.8895372999832,241.8895372999832,15499.235499500122,5e-05,0.005,0.23289902050593414,1,5e-05
62,0.008467104792362078,0.0022268720378633587,0.000400324371488144,0.028627231010856728,0.0069323910885335255,0.0010846002636147507,0.33872070324917636,0.008145731904854377,0.002091587505613764,0.00038640144296853883,0.027725801166767875,0.006915538106113672,0.0011007417730676632,0.30889823933442434,0.7985210345105478,0.8839641237422409,0.03686968729555039,0.01113781090203437,0.006268634580634968,0.026553031972965997,0.049999999999999996,1.5894986633313237,41.42690760002006,199.2548554999521,240.68176309997216,240.68176309997216,15739.917262600095,5e-05,0.005,0.23430063204305318,2,5e-05
63,0.008455356544194123,0.002215450550041472,0.00039366305876077,0.028630025397675733,0.006920721541003635,0.001096942040506595,0.34285048112894095,0.008085398488522818,0.002075728883210104,0.00037843564896320456,0.02743671533341209,0.007164237004083892,0.0011511893918698965,0.30867941143612065,0.8007858315317158,0.8853645217007339,0.034825301779183485,0.01094675347730913,0.006230355615546873,0.026236027309242755,0.0611111111111111,1.5492421191680479,41.633223200042266,194.44637469999725,236.07959790003952,236.07959790003952,15975.996860500134,5e-05,0.005,0.23168055139307384,3,5e-05
64,0.008424086973536759,0.00220787804913319,0.00039846243380452505,0.02849890214856714,0.006965385464718565,0.00107806095838896,0.3456361991663774,0.008090974728111178,0.0020593914571994296,0.000382297999082463,0.027575537267451485,0.007023527651714782,0.001152779357895876,0.31200798456557094,0.7969436354936079,0.8825642033747231,0.04723314172972268,0.011494121289531999,0.006324190987725597,0.027064908561582897,0.05277777777777778,1.585505601669623,40.75366530002793,198.70564309996553,239.45930839999346,239.45930839999346,16215.456168900128,5e-05,0.005,0.23644546405570058,4,5e-05
65,0.008441246430932855,0.0022089572691281014,0.00041020302790760373,0.028573184561294814,0.006929575700390463,0.0010859366144965559,0.3483598957148691,0.008174861948161076,0.0020979781964949023,0.00038677068987453823,0.027834714173028866,0.0068529598414897915,0.0011709966721051993,0.31388884025315444,0.7931248816829214,0.8805442545279082,0.04679130202880612,0.011662480577328476,0.006498044710522058,0.027293422342424267,0.06388888888888888,1.611052684164315,45.18101749999914,201.94753820000915,247.1285557000083,247.1285557000083,16462.584724600136,5e-05,0.005,0.24066658537002494,5,5e-05
66,0.008399205573368818,0.002203954919241369,0.0003916586728034114,0.028413728539211053,0.006895434202548737,0.001085868438773711,0.3510799192513029,0.008000360681520154,0.002049143892751696,0.00038898876790275,0.027202037644262114,0.00694596377434209,0.0010732339481667925,0.3205150368002554,0.7979719505244339,0.8834756455014345,0.03897374695202844,0.011091951868064779,0.006300552357914334,0.026668766626286856,0.05555555555555555,1.9017289408351643,44.29647080000723,237.42706379998708,281.7235345999943,281.7235345999943,16744.30825920013,5e-05,0.005,0.23499736845976726,6,5e-05
67,0.008385449250151092,0.0021946585431578567,0.0004029679287972006,0.028388344954388838,0.006857322173891589,0.0010850091161652624,0.354114693744729,0.008083031221758574,0.0020291758022115878,0.00038302620760077843,0.02770932801067829,0.006934699051392575,0.00114150594114714,0.3157428123988211,0.7988392000883084,0.8841218045298063,0.03653144031889182,0.011225368146901357,0.0063331637654896345,0.027306076695881927,0.05555555555555555,1.549184984168096,41.43368889996782,194.0316390999942,235.46532799996203,235.46532799996203,16979.773587200092,5e-05,0.005,0.23480004037306312,7,5e-05
68,0.008413478844643881,0.0021865174382886226,0.00040566030105158765,0.02854684676664571,0.006939146254444495,0.0010758932871491804,0.357079246516029,0.008056985905083518,0.0020331206532622067,0.0003897344830572062,0.02755247166690727,0.00704050890635699,0.0010282815511648855,0.3198432374745607,0.7991749764132708,0.8843701604408011,0.041575703298661566,0.010842919382956269,0.0062538924060232025,0.02644337794279805,0.041666666666666664,1.532167096665944,42.69829700002447,192.1845055000158,234.88280250004027,234.88280250004027,17214.656389700132,5e-05,0.005,0.2335222939355504,8,5e-05
69,0.008342648355755955,0.0021796112962571596,0.0004032317179735401,0.02824879683709393,0.006853052601218224,0.0010816504257187868,0.3589607696980238,0.008039661213600387,0.002015168569535793,0.00038741830746099974,0.02759343703898291,0.00682768941236039,0.00108720095352813,0.3257695926508556,0.8010686729296087,0.8856663213833296,0.03391333046549769,0.01058720563576482,0.006182044051407979,0.026217922614605038,0.05,1.5207885316689498,42.03757200000109,190.89782090001972,232.93539290002082,232.93539290002082,17447.591782600153,5e-05,0.005,0.23133129373640432,9,5e-05
70,0.008339528902433812,0.002172890467530427,0.00040325824265892153,0.028266856322685878,0.006844302536531662,0.0010833590907471564,0.3623233951628208,0.007950087854017815,0.002029952850716654,0.00038755226493473555,0.02708734618499875,0.006802601607826849,0.0010404464361878734,0.33002819755735496,0.7998261889122353,0.8846911917941025,0.03807789215333649,0.011194706424128651,0.006273696374152805,0.02704052779144088,0.05277777777777778,1.5608405858346184,42.81076349999057,195.70243459998164,238.51319809997221,238.51319809997221,17686.104980700125,5e-05,0.005,0.23348803525335834,10,5e-05
71,0.008325199520913883,0.002158491029210078,0.0004007000934507232,0.028270596428774296,0.006833085060740511,0.0010863788961917938,0.3647589306036631,0.008114680376214286,0.002074502335259846,0.0004069001968067217,0.027604015295704207,0.006975284921160589,0.0011181590540218166,0.33322595634187263,0.7998411755612466,0.884708588521908,0.03371286655033585,0.010739120900395194,0.006200426241152396,0.025901243469432098,0.04444444444444444,1.4906025024940996,43.09192219999386,187.01820200000657,230.11012420000043,230.11012420000043,17916.215104900126,5e-05,0.005,0.23226049414933791,11,5e-05
72,0.008332048752345144,0.0021617559313502474,0.00040443863939193156,0.02828480936586857,0.006831970711937174,0.0010802511914031734,0.3683204230852425,0.00801783533534035,0.0020484618362388574,0.00040421010368542435,0.027299120913570125,0.006875128493023416,0.0010324737503348538,0.3332709835842252,0.800813336476576,0.8853072498614717,0.035345531153857336,0.0110904460033861,0.006216463093687339,0.026725717935829583,0.05,1.5279313933346808,43.34426829998847,191.76070889999392,235.1049771999824,235.1049771999824,18151.32008210011,5e-05,0.005,0.2321288445529409,12,5e-05
73,0.008325888049633553,0.002168269152267991,0.0003934993760897972,0.02823191632827123,0.006815351279995715,0.0010945268062641845,0.3704178909771144,0.007928175929312905,0.0020056440363987347,0.0003655321575327738,0.02709550098516047,0.006814299519949903,0.0011223045958710523,0.3349503645207733,0.8006302682686043,0.8853328171861269,0.031868033778424336,0.010835269207264808,0.006260531950991684,0.026698913743849674,0.05,1.5222611466650657,43.52209739998216,190.85361510002986,234.375712500012,234.375712500012,18385.69579460012,5e-05,0.005,0.23232917742623707,13,5e-05
74,0.008330268911474073,0.002156781737479226,0.0004134493132975573,0.028296102148791153,0.006804869409340123,0.0010804126858905269,0.3731270682687561,0.008014134003315122,0.0020014722239769375,0.00038655558152337716,0.027532335215558607,0.0068616587940293055,0.0010470732833103588,0.33446966535411776,0.7994230117563627,0.8844305240939615,0.04481832507131846,0.010717250115470915,0.006231272104164148,0.026525895918457033,0.04444444444444443,1.565125980837911,41.04000310000265,196.12282470002538,237.16282780002803,237.16282780002803,18622.85862240015,5e-05,0.005,0.23333415626625853,14,5e-05
75,0.008326494577340781,0.002157743427475604,0.00040137411833711666,0.028283098673758406,0.006799490024180462,0.0010846901634067763,0.37647481026748814,0.007977356559907396,0.00199131594854407,0.0003905784924124115,0.027394607678676644,0.006866614586518456,0.0010375466677942312,0.3379527011731019,0.7969434699214337,0.8826858874836134,0.04913874409557637,0.011252932042756188,0.0063297877215204934,0.027289864200837573,0.05833333333333333,1.5264967591671545,40.71431250002934,191.45553720003227,232.1698497000616,232.1698497000616,18855.02847210021,5e-05,0.005,0.23667618200092433,15,5e-05
76,0.008241209215096508,0.002129960548093853,0.0004115075248895058,0.027993944458042583,0.006767205304155747,0.0010786305203509983,0.37866389490664004,0.008021366138321658,0.0020079069242153005,0.0003860565211653011,0.027553638257086278,0.006751268236742666,0.0010815053872647695,0.33881509279211364,0.7993762504938444,0.8844716692138624,0.039030542671590215,0.011014465282454129,0.006262327323505539,0.02659589800695832,0.04444444444444443,1.538890429166592,41.07984209997812,192.92831590003334,234.00815800001146,234.00815800001146,19089.03663010022,5e-05,0.005,0.23348197483661942,16,5e-05
77,0.00832794494732904,0.002144113474544914,0.00039768025853845754,0.02835939803626388,0.006800371701441084,0.001085198392199042,0.38137184577062727,0.007956997157695394,0.002016971760895103,0.0003865648566716118,0.027228666624675196,0.006710849814893057,0.0009402982065997397,0.34421621713166434,0.7996910960030821,0.8846011029174867,0.03916252296400605,0.010930455590837999,0.006274974849137151,0.02720583180695939,0.04444444444444444,1.531420089166204,41.58554969995748,192.06721780000953,233.652767499967,233.652767499967,19322.68939760019,5e-05,0.005,0.23378971065301446,17,5e-05
78,0.008252026185315724,0.0021237099266727456,0.00039556052985669036,0.028088795432510475,0.00678901748227266,0.001070556847116677,0.3846623534336686,0.007882714616910865,0.001979257519027063,0.0003856526893893412,0.027015281499673922,0.006727028304400543,0.0010563274578695807,0.3410239153386404,0.7981735722098897,0.8835281338914382,0.04660811443616592,0.011032396625985642,0.00631047685734147,0.027297397167072645,0.05277777777777777,1.5529274174992074,41.393293100001756,194.6752337999642,236.06852689996595,236.06852689996595,19558.757924500154,5e-05,0.005,0.2354343018145244,18,5e-05
79,0.008296367085616414,0.0021345546439988537,0.0004003973309105883,0.028258503469017645,0.006728055537678301,0.0010998271027347073,0.38638061182573435,0.008013288020932426,0.0020543466055338894,0.0003896614794939524,0.027232331270352007,0.006871969497296959,0.0011186220590995314,0.35013136848186455,0.7990262935420589,0.8842816117462715,0.04091985209856787,0.010666710552187061,0.006257371904590612,0.026331595024823407,0.047222222222222214,1.5682725691697366,40.901281200000085,196.47330730000976,237.37458850000985,237.37458850000985,19796.132513000164,5e-05,0.005,0.23356267338735512,19,5e-05
80,0.008258714313463618,0.002130742166385365,0.00040748202003063245,0.028067451746513445,0.006803019183765476,0.0010772784875977474,0.3897040686570108,0.007921208072608958,0.0019863366081456966,0.00039747574452727956,0.027137668027232092,0.00674135449808091,0.0011016956006642431,0.35690100596596797,0.8018249226140727,0.8860550706339798,0.03335524171722016,0.010540542200390636,0.006226754133957069,0.026997778762514725,0.03888888888888888,1.9590091316616356,41.54533589998027,244.43276999995578,285.97810589993605,285.97810589993605,20082.1106189001,5e-05,0.005,0.2313996102823991,20,5e-05
